『以动物为歌名』丨欢迎来到动物（污）园,http://music.163.com/playlist?id=886485181,66万
是不是想考清华？听完这张歌单再去学习,http://music.163.com/playlist?id=888373875,187万
【怨妇曲风】看起来很美，听起来很丧。,http://music.163.com/playlist?id=889769859,139万
R3HAB Beast Mode,http://music.163.com/playlist?id=893480903,38万
造福处女座|处女座唱给你听,http://music.163.com/playlist?id=889690843,152万
盘点向：那些“一片”歌手的金曲,http://music.163.com/playlist?id=889177381,148万
魅蓝疾速歌单 年轻就要听快歌,http://music.163.com/playlist?id=888290467,102万
欧美 R&B ♫丨2 Moodz,http://music.163.com/playlist?id=889570491,64万
日系| 沉溺于深海，无从寄托的孤独灵魂,http://music.163.com/playlist?id=879101411,99万
小众而惊艳 ·韩国独立音乐精选集,http://music.163.com/playlist?id=884976631,30万
lo-fi hiphop｜孤独的人与寒冷的夜,http://music.163.com/playlist?id=879578103,78万
「欧美伤感」我们曾相恋过 现在却只能怀恋,http://music.163.com/playlist?id=882155440,265万
「暖系后摇」煦色韶光，半窗清梦,http://music.163.com/playlist?id=880767429,40万
[小语种] 芬兰语也可以主流潮,http://music.163.com/playlist?id=878286751,50万
【正能量】温柔也励志的韩语清新小曲,http://music.163.com/playlist?id=878579168,88万
【致爱情】我爱你呀，然而你感受的到吗？,http://music.163.com/playlist?id=883687632,187万
「柔情呢喃」轻吟时光 你是我无法泅渡的海,http://music.163.com/playlist?id=882533652,128万
暑假补作业BGM,http://music.163.com/playlist?id=881279888,531万
【日系】正如鹅毛大雪漫天飘落,http://music.163.com/playlist?id=883147136,18万
父辈的青春，我们的童年,http://music.163.com/playlist?id=877046003,92万
東方告白隐藏向|我喜欢你，你还听得到吗,http://music.163.com/playlist?id=882661588,48万
朴振荣的Party People独家音源！,http://music.163.com/playlist?id=879900087,76万
「粤语」人人路过都像你 但你是你,http://music.163.com/playlist?id=884305905,118万
欧美 Indie♫丨你听起来像夏天一样可爱~,http://music.163.com/playlist?id=882312693,280万
“永远年轻，永远心怀绝望”,http://music.163.com/playlist?id=882430477,194万
你是我生命中一道光，我只愿追随着你,http://music.163.com/playlist?id=883508034,135万
『日摇』穿过黑夜 美若黎明,http://music.163.com/playlist?id=877066421,23万
民谣青年 | 不只是姑娘和远方,http://music.163.com/playlist?id=884989224,175万
听过他们写的歌，却不曾闻其名,http://music.163.com/playlist?id=881367835,347万
『光影留声』岁月浸润，醇醉迷人,http://music.163.com/playlist?id=879411708,131万
这首歌曾陪我去远方,http://music.163.com/playlist?id=885099011,292万
［韩语］那些独特优质的韩式非主打,http://music.163.com/playlist?id=884091743,36万
Stafford Brothers - August Playlist,http://music.163.com/playlist?id=882437427,40万
中国首个大型Hiphop音乐节-MDSK音乐节,http://music.163.com/playlist?id=884900192,17万
a-nation 2017 创造夏日回忆,http://music.163.com/playlist?id=882372582,13万
EDC2017•拉斯维加斯电音节-现场歌单,http://music.163.com/playlist?id=765589947,361万
盛夏七夕甜蜜蜜 小甜歌小情歌系列 陆地夫妇,http://music.163.com/playlist?id=768948803,25万
【 一阵空灵仙气 〗,http://music.163.com/playlist?id=768089183,34万
VOCALOID周刊季军合集,http://music.163.com/playlist?id=774139585,25043
中国流行音乐42年发展史（头条）,http://music.163.com/playlist?id=766895756,11万
『百首血洗B站的可爱元气萌音』,http://music.163.com/playlist?id=759037438,92万
【 低吟始丨沦陷哼唱 〗,http://music.163.com/playlist?id=765421534,94万
【 一管慢性麻药 〗,http://music.163.com/playlist?id=768120921,28万
【 只言片语丨台词爱上了音乐 〗,http://music.163.com/playlist?id=768235856,28642
VOCALOID周刊亚军合集,http://music.163.com/playlist?id=769561721,18277
最佳EDM Drop精选集  第一季,http://music.163.com/playlist?id=769722306,32万
【 一起背单词丨四级词汇 〗,http://music.163.com/playlist?id=760201961,178万
放松 /加油！炒鸡紧张的你不得不听,http://music.163.com/playlist?id=763203574,566万
【 节奏起丨心跳不止 〗,http://music.163.com/playlist?id=757835855,231万
『抖腿向 血洗B站的动感ACG歌曲』,http://music.163.com/playlist?id=760741533,19万
Future Bass丨奇幻跳跃的清新旋律,http://music.163.com/playlist?id=754167915,120万
『华语』答应我，听完这些歌，不许哭,http://music.163.com/playlist?id=761392251,145万
「华语」狭路相逢，歌名大乱斗,http://music.163.com/playlist?id=754024661,804万
"民谣地图｜你在哪座城市,怀念带不走的谁",http://music.163.com/playlist?id=762783889,91万
Hot EDM | 2017热门电子音乐全收录,http://music.163.com/playlist?id=762784040,12万
【迷人节奏】听不腻的风格小心中毒会上瘾!,http://music.163.com/playlist?id=762602593,54万
瞎看BGM-缘 妙不可言-阅后即瞎,http://music.163.com/playlist?id=761488321,26328
【英語科室】手机电量剩1%也要听的冷门,http://music.163.com/playlist?id=753856131,262万
『90后』回忆当年年少青涩的我们。,http://music.163.com/playlist?id=759160379,25433
粤语流行『典藏版』，粤唱越情深。,http://music.163.com/playlist?id=751120659,91万
[记忆]那些90后曾经无限循环的爆火单曲,http://music.163.com/playlist?id=749602987,55万
【 如果生活欺骗了你 请躲到童话里 〗,http://music.163.com/playlist?id=749301950,89202
『欧美 | 摇滚』翻唱魅力vs.原版经典,http://music.163.com/playlist?id=747518410,220万
拉倒吧，朕的小调太清爽,http://music.163.com/playlist?id=753777205,66724
「冷门古风」夏天听正合适,http://music.163.com/playlist?id=745922241,80万
明日之子·原唱合辑,http://music.163.com/playlist?id=753765870,59万
华语女声 | 邂逅余生 忆他思他寻不见他,http://music.163.com/playlist?id=757351915,55万
【国产说唱】七彩螺旋式说唱,http://music.163.com/playlist?id=735236060,207万
欧美热单Remixes丨知名制作人的神级改编,http://music.163.com/playlist?id=736534910,310万
只要能遇见你，就不怕姗姗来迟,http://music.163.com/playlist?id=733782317,1039万
为什么要取这种我看到就忍不住要听的歌名,http://music.163.com/playlist?id=833017273,290万
『节奏控&电音向』燃烧吧！我的中二之魂！②,http://music.163.com/playlist?id=831408378,11万
女声 | 俏皮慵懒拯救你的不开心,http://music.163.com/playlist?id=864401021,189万
致异乡人:你有一封民谣简信，请查收,http://music.163.com/playlist?id=866344230,106万
Disco节拍♫丨低频律动的夏日舞步~,http://music.163.com/playlist?id=864969600,109万
80年代经典电视剧的经典歌曲,http://music.163.com/playlist?id=866881448,70万
异域民谣 | 行吟歌者诗中的世界,http://music.163.com/playlist?id=866938588,33万
西语爵士丨伊比利业半岛的弗拉明戈情调,http://music.163.com/playlist?id=863642427,96628
【寰行中国】你开车，我放歌（中文）,http://music.163.com/playlist?id=866428282,124万
♪同名异曲♪·不容错过的别样精彩,http://music.163.com/playlist?id=867897356,79万
日系♥云淡风轻下启程的蔚蓝旅途,http://music.163.com/playlist?id=864906545,28万
【说唱】留住你一面，画在我心间,http://music.163.com/playlist?id=832790627,82万
给我一秒 让你爱上说唱！,http://music.163.com/playlist?id=830624762,19万
猫和老鼠，你们才是我的古典音乐老师！,http://music.163.com/playlist?id=866094130,64万
在乐队里发光的贝斯小姐姐们,http://music.163.com/playlist?id=833218876,156万
『乡村|巴西风情』体验异域的清新乡村之旅,http://music.163.com/playlist?id=868262719,24万
今天吹什么风｜吹啊吹啊我的骄傲放纵,http://music.163.com/playlist?id=831692724,331万
珍藏 ▍“再见”用各国语言怎么说？,http://music.163.com/playlist?id=831385853,15万
国际电影节|用一首歌推荐一部电影,http://music.163.com/playlist?id=867407951,60万
不要惊慌，苏,http://music.163.com/playlist?id=867722396,19万
孤独的背影，写满了无尽的忧伤。,http://music.163.com/playlist?id=832707160,68950
暑期在家总被骂？顶嘴父母先壮胆,http://music.163.com/playlist?id=864788931,35万
十里桃林的 Freestyle,http://music.163.com/playlist?id=866383607,38万
中国电音厂牌UItimateRecords,http://music.163.com/playlist?id=833168128,50402
原创 | Joanne World Tour,http://music.163.com/playlist?id=863305277,49798
战狼2 你不能错过的惊艳BGM,http://music.163.com/playlist?id=831332007,25万
高颜值｜这些MV里的小哥哥都好帅！,http://music.163.com/playlist?id=866630706,48361
2017年7月小秘书新歌推荐,http://music.163.com/playlist?id=832402611,30万
「日系」那些细腻温柔的女声＋做作业专用,http://music.163.com/playlist?id=827912183,99万
[小语种] 德语也可以主流潮,http://music.163.com/playlist?id=820200450,25万
「纯音小调」一个人和猫的幸福时光,http://music.163.com/playlist?id=826006065,60万
重度失眠｜Jazz HipHop 与化身孤岛的鲸为伴,http://music.163.com/playlist?id=825193449,57万
『意识流电子｜梦境边缘的旅程』,http://music.163.com/playlist?id=827706359,40万
[和风秘语] 盂兰盆会·诡面舞者·京都梦华录,http://music.163.com/playlist?id=828633432,32万
秒懂这些歌曲是你我之间的小默契,http://music.163.com/playlist?id=826797842,995万
一个旋律两首歌 | 是无意穿堂风 偏偏引山洪,http://music.163.com/playlist?id=733787899,948万
古风中国风 那些不容错过的歌曲②,http://music.163.com/playlist?id=744376057,105万
在车里放这些电音，妹子会爱上你,http://music.163.com/playlist?id=749848831,24万
『民谣与诗』晴空与海潮交织的韵和乐章,http://music.163.com/playlist?id=739071258,562万
纯音 | 想哭就哭吧 你又不是雨伞 别撑着,http://music.163.com/playlist?id=746860075,11万
『响指系』你绝对不容错过的响指节奏ღ♡‿♡ღ,http://music.163.com/playlist?id=739981123,279万
与你最后的夏天，不舍趟过肺腑,http://music.163.com/playlist?id=739121492,791万
盘点百余首galgame的片头曲和开始界面bgm,http://music.163.com/playlist?id=734141330,35万
"古风｜欲把相思说似谁,浅情人不知。",http://music.163.com/playlist?id=745881353,67349
你是无意穿堂风偏偏孤踞引山洪,http://music.163.com/playlist?id=744597178,29万
「词作精选」那些绝色古风词,http://music.163.com/playlist?id=740357872,144万
UMF2017 • 新加坡电音节-现场歌单,http://music.163.com/playlist?id=748285486,33万
【 定义「骚」丨欧美男嗓 〗,http://music.163.com/playlist?id=748299269,48592
100位欧美90后歌手：这些人把青春给了音乐,http://music.163.com/playlist?id=733122887,499万
神级Remix | 歌曲的重生,http://music.163.com/playlist?id=740322272,230万
『一百首』经典华语怀旧老歌,http://music.163.com/playlist?id=737535139,793万
在下萝莉控ii【最帅哒魔王大人】,http://music.163.com/playlist?id=744321773,61083
【 节拍器丨整装前行 〗,http://music.163.com/playlist?id=733433719,161万
『华语』二字情歌|心欲不减 难免一身怆然,http://music.163.com/playlist?id=744040890,46万
历代假面骑士战斗曲：Let's Go Rider Kick!,http://music.163.com/playlist?id=745642346,64498
吉他前奏‖听吉他与不同曲风的结合,http://music.163.com/playlist?id=732688183,232万
最佳流行电音混音集（持续更新）,http://music.163.com/playlist?id=732373693,374万
【 旋律控丨私人订制 〗,http://music.163.com/playlist?id=733714361,255万
EDM 摇头晃奶 ⚡️,http://music.163.com/playlist?id=736361388,12万
【ACG】2017年7月新番op&ed（搭建ing～）,http://music.163.com/playlist?id=733250072,10万
「高考季」2017一起听歌记单词吧,http://music.163.com/playlist?id=727047864,519万
内地优秀影视作曲人•作品选辑,http://music.163.com/playlist?id=730426023,553万
【科幻向】之末世情结的光芒,http://music.163.com/playlist?id=731099909,49万
日式清新女声，漫游在初夏的阳光下,http://music.163.com/playlist?id=721109251,163万
VOCALOID周刊冠军合集,http://music.163.com/playlist?id=726335983,23万
【科幻向】之太空歌剧的吟唱,http://music.163.com/playlist?id=724303621,96346
【科幻向】之蒸汽朋克的幻想,http://music.163.com/playlist?id=726239497,178万
『永远的乌托邦』大陆摇滚的黄金年代,http://music.163.com/playlist?id=724147711,166万
☀Tropical House丨清新之风,http://music.163.com/playlist?id=711438670,803万
纯音：一百五十位韩国音乐人，每人一首佳作,http://music.163.com/playlist?id=718346554,79万
竖琴精选｜唯美音律，如诗如梦的浪漫,http://music.163.com/playlist?id=823945175,11万
纯乐 丨 悦心旋律，只献有心人♪,http://music.163.com/playlist?id=822104795,49万
掌声系｜歌曲搭入清脆悦耳的拍手声,http://music.163.com/playlist?id=823375727,167万
【日摇】从天而降的一亿颗星星,http://music.163.com/playlist?id=823599893,30万
「日系女声」请让我用英语唱一首伤心的歌,http://music.163.com/playlist?id=826670006,25万
『史诗级配乐』听了拯救世界,http://music.163.com/playlist?id=824321256,32万
DIAMOND / 钻石般闪耀的电音厂牌,http://music.163.com/playlist?id=821208157,16万
「婉然如斯」你把柔情凝成一阕最美的诗,http://music.163.com/playlist?id=828496960,93万
【 止躁机丨循环过滤网 〗,http://music.163.com/playlist?id=820783495,20万
喝最烈的酒，听最顶级的电音（五）,http://music.163.com/playlist?id=821652266,20万
【民谣里】姑娘，你的酒铺还缺人么,http://music.163.com/playlist?id=820084317,697万
携你于古镇落脚，贾酒当歌,http://music.163.com/playlist?id=824411622,34万
『追忆&泪目向』致我们逝去的青春！！,http://music.163.com/playlist?id=820024779,38万
你可知这些歌曲背后的真实故事,http://music.163.com/playlist?id=823308052,303万
2017风暴电音节南京站热单强推,http://music.163.com/playlist?id=823621220,11万
流行&质优||华语电影金曲精选,http://music.163.com/playlist?id=820195717,543万
我在听欢快的歌啊，可为什么还是很丧,http://music.163.com/playlist?id=824147839,414万
Chace | Tomorrowland Mainstage 2017,http://music.163.com/playlist?id=821884736,37万
後搖精选 | 怪诞诗人的低吟浅唱,http://music.163.com/playlist?id=827889576,40万
赶走夏困 清凉降火，你需要一剂强心剂,http://music.163.com/playlist?id=825145451,85万
BML2017BilibiliMacroLink2017歌单【已排序,http://music.163.com/playlist?id=823508056,26万
燥动现场 | 消灭一切不开心,http://music.163.com/playlist?id=820588781,131万
【 林肯公园 Top15 历年热单单曲 〗,http://music.163.com/playlist?id=820319347,43万
〖节日特辑〗庆典主题歌单,http://music.163.com/playlist?id=820033822,29356
日本民工强势来袭！,http://music.163.com/playlist?id=828909490,49万
报告老大，我有话对你说……,http://music.163.com/playlist?id=822617141,236万
韩式抒情丨因为下雨了 所以想起你,http://music.163.com/playlist?id=822624036,68万
［真实感］绝佳的英伦摇滚现场,http://music.163.com/playlist?id=828084731,107万
玄觞♪『独坐沏茶壶，静吟离弦曲』,http://music.163.com/playlist?id=823616114,79613
「时代的呢喃」重温一场令人沉醉的旧梦,http://music.163.com/playlist?id=829971093,29万
2017音乐录影带大奖VMA提名名单,http://music.163.com/playlist?id=825580379,71万
Rap 律动♫丨Feel Da Vibe~,http://music.163.com/playlist?id=824267807,97万
《NBA2K18》官方BGM背景音乐歌曲单,http://music.163.com/playlist?id=821942236,71万
双世宠妃,http://music.163.com/playlist?id=824034546,94024
当音乐碰上鸡汤词儿 「R&B」,http://music.163.com/playlist?id=823908579,31万
水 逆 退 散 符 ☆ 好 运 连 连 到 ～,http://music.163.com/playlist?id=879919704,131万
【日摇】一盒阳光温度柳橙味元气糖,http://music.163.com/playlist?id=869549675,42万
口哨系｜学会就可以撩妹了ΘˍΘ,http://music.163.com/playlist?id=869583062,288万
欧美 | 纯净甜美的天籁童音,http://music.163.com/playlist?id=869357156,183万
「日式抒情女声」美好的月色与温柔的爱,http://music.163.com/playlist?id=876511548,63万
【抖腿向】嗨得一路拉风带闪电⚡⚡,http://music.163.com/playlist?id=871188467,338万
霓虹轻快女声║她有一道彩虹,http://music.163.com/playlist?id=870166937,28万
麻烦帮忙打包这些歌比人火的欧美才女,http://music.163.com/playlist?id=875916165,211万
古风十年，哪首曾撩拨过你的心弦,http://music.163.com/playlist?id=871256049,188万
复古风潮 | 以最漂亮的姿势来跳一支摇摆舞,http://music.163.com/playlist?id=876529213,140万
FUTURE BASS ¡ 致⚡️幻⚡️电⚡️流⚡️,http://music.163.com/playlist?id=874336524,118万
「慵懒女嗓」暗香盈袖 娴静犹如花照水,http://music.163.com/playlist?id=869865740,191万
烟嗓范 | 用音记录故事（女声篇）,http://music.163.com/playlist?id=873778653,123万
海浪声｜歌曲搭入意境十足的海浪声,http://music.163.com/playlist?id=874266014,82万
一张歌单带你领略北欧风情 抒情篇,http://music.163.com/playlist?id=876785883,76万
电子迷境| 〓17年韩另类电子乐精选〓,http://music.163.com/playlist?id=869804816,77736
「虚幻世界」我已见过银河 仍只爱你这颗星,http://music.163.com/playlist?id=872816027,36万
美少女万华镜4BGM合集,http://music.163.com/playlist?id=869483445,15万
「迷幻女嗓」清香照人 幽花疏淡更香饶,http://music.163.com/playlist?id=873584656,71万
「古风」歌词带你走遍大江南北,http://music.163.com/playlist?id=870181995,138万
【古风】人非草木皆有情，不如不遇倾城色。,http://music.163.com/playlist?id=870142039,255万
别看有的人表面风光，背地里一只猫都没有,http://music.163.com/playlist?id=871344182,74万
Christian Rock‖假如上帝也玩起了摇滚,http://music.163.com/playlist?id=872260629,17万
80'Sing | 复古现在进行时,http://music.163.com/playlist?id=870395774,117万
那些甜中带着玻璃碴子的暗恋的日子,http://music.163.com/playlist?id=872688961,451万
速食时代 | 给耳朵放个假，慢下来倾听世界,http://music.163.com/playlist?id=870863132,240万
数学摇滚 | 理性浪漫，诗意自由,http://music.163.com/playlist?id=875014214,94150
华语票房最高的50部电影[原声集],http://music.163.com/playlist?id=876254873,398万
【日摇】梦话讲给自己听,http://music.163.com/playlist?id=871917701,56万
稀有【响指】前奏，华语说唱,http://music.163.com/playlist?id=870801879,214万
叙事小曲 | 以树为歌，以草封缄,http://music.163.com/playlist?id=873153987,215万
流行朋克 | 带你重新当一回热血青年,http://music.163.com/playlist?id=876148287,77万
夏日一口凉音(ฅ´ω`ฅ)清甜到想“嗷呜~”地嚎,http://music.163.com/playlist?id=872879631,166万
「中国嘻哈」着迷说唱,http://music.163.com/playlist?id=872185834,73万
『影视史诗』梦回苍穹岁月，绝唱千古风流,http://music.163.com/playlist?id=872605017,91万
钢琴前奏‖听钢琴与不同曲风的碰撞,http://music.163.com/playlist?id=716123090,274万
『迷之歌名』这是何等的卧槽,http://music.163.com/playlist?id=720050737,16万
《 当你在读书时 》,http://music.163.com/playlist?id=720362063,30万
轻电音 | 中国风电音 诗酒趁年华,http://music.163.com/playlist?id=722743816,40100
现在的感情都暧昧，我们都是爱情的胆小鬼,http://music.163.com/playlist?id=706469943,1011万
【 一词情诗丨予你，我只说一次 〗,http://music.163.com/playlist?id=705539508,14万
慵懒与柔情 | 当木吉他邂逅女声,http://music.163.com/playlist?id=709196925,538万
2017放学嗨· AYO！嘻哈音乐节精选汇总歌单,http://music.163.com/playlist?id=716341857,113万
百首好听的著名产品广告歌曲,http://music.163.com/playlist?id=711430502,148万
「日系」电音与女毒的精巧结合,http://music.163.com/playlist?id=702453759,337万
「3D环绕立体音」电音环绕vsACG双声道,http://music.163.com/playlist?id=706224287,112万
国人纯音|天籁之音 余音不绝,http://music.163.com/playlist?id=699210111,296万
「惊艳Remix」唤醒沉睡的耳朵,http://music.163.com/playlist?id=708477487,723万
年少不懂粤语歌，而立再听句句情,http://music.163.com/playlist?id=700734626,836万
华语百首 | 回忆伤人无声，唱不尽世间遗憾,http://music.163.com/playlist?id=698720887,1340万
「纯音乐」梦幻于沉醉丨心灵的渲染,http://music.163.com/playlist?id=690229608,538万
鬼知道这些歌手都经历了什么,http://music.163.com/playlist?id=700814566,783万
EDM Trap丨令人深陷的毒性低音,http://music.163.com/playlist?id=692029375,1028万
【古风精选】第一耳就感动我的古风歌,http://music.163.com/playlist?id=703084172,151万
那人那景都将在遗忘中重新拾起,http://music.163.com/playlist?id=691394551,1096万
『二次元|电音』电音激荡 二次元的呼唤,http://music.163.com/playlist?id=651106892,284万
古风｜百听不厌~咱的珍藏 ( •̀∀•́ ),http://music.163.com/playlist?id=695548456,93万
时间治愈的是 愿意自渡之人,http://music.163.com/playlist?id=652762973,1112万
100首适合工作学习党的轻快纯音小调,http://music.163.com/playlist?id=695277097,26万
绵绵不绝的温柔，循环不止的女声♡゛,http://music.163.com/playlist?id=649048229,867万
好听到爆的歌(第一弹),http://music.163.com/playlist?id=650440397,480万
【白噪声】写论文必备,http://music.163.com/playlist?id=642386905,69万
中国有嘻哈选手精选合集（持续更新）,http://music.163.com/playlist?id=638864394,396万
「古风」最值得单曲循环的古风歌合集,http://music.163.com/playlist?id=644883057,732万
听民谣的人有多少故事,http://music.163.com/playlist?id=643560279,928万
【法语精选】最深情的吟唱,http://music.163.com/playlist?id=886522940,36万
七夕碍着你了？| 来自情侣的反击,http://music.163.com/playlist?id=890920946,33万
扑朔迷离的真相｜论那些压迫感爆表的BGM,http://music.163.com/playlist?id=886958762,23万
日语合唱集：传统演绎的别样青春,http://music.163.com/playlist?id=891838447,13万
『古风』不解相思意，闲看窗外雨,http://music.163.com/playlist?id=887338503,90万
漫漫长路远，冷冷幽梦清『奇幻影视』,http://music.163.com/playlist?id=890846689,12万
极致深情 | 音律入耳 我仿佛又失恋了千百次,http://music.163.com/playlist?id=883519011,16万
『华语篇』此生一定要去演唱会哭一次,http://music.163.com/playlist?id=773961621,18万
消暑|| 夏日海滩复古趴,http://music.163.com/playlist?id=483263213,44527
【日系/清唱】脱离伴奏，享受人声的动听,http://music.163.com/playlist?id=753937740,42250
100位爵士萨克斯乐手精选单曲,http://music.163.com/playlist?id=888963889,20616
『Tropical House』夏日海风般的 清新旋律,http://music.163.com/playlist?id=888497009,38399
因为一首歌，记住一部视觉小说,http://music.163.com/playlist?id=878498021,47万
那些在你酩酊大醉后嘶吼出来的心事,http://music.163.com/playlist?id=882960422,582万
说以情搓以理: 说唱中画龙点睛的搓碟部分,http://music.163.com/playlist?id=879087465,49万
EDM精选-跃动电音与人声的听觉盛宴,http://music.163.com/playlist?id=879522836,13万
我知道风里有诗，那正是民谣的歌。,http://music.163.com/playlist?id=879463910,155万
有一种单身，叫只为等某个人。,http://music.163.com/playlist?id=877487621,87万
[秘封幻想世界] 轻歌曼舞 舞燕歌莺,http://music.163.com/playlist?id=873837140,48万
『异域幻想』妖精乡 · 骑士的放浪冒险谭,http://music.163.com/playlist?id=872527977,54万
百部动画原声｜百首治愈良药,http://music.163.com/playlist?id=871948164,142万
想拥有你眼中的繁星点点,http://music.163.com/playlist?id=875778492,60万
若拿歌比喻人的所有心情，这刚好合适,http://music.163.com/playlist?id=870172144,293万
倒叙年华‖时光漫步之1997～2006,http://music.163.com/playlist?id=874111799,61万
岁月如歌 ‖ 心如大海，从此美丽。,http://music.163.com/playlist?id=872944152,74993
我爱二次元 第一季,http://music.163.com/playlist?id=868747796,27664
说唱里的小情歌,http://music.163.com/playlist?id=863472183,53万
倒叙年华‖时光漫步之2007～2016,http://music.163.com/playlist?id=866169651,652万
「合唱团歌集」独乐乐不如众乐乐,http://music.163.com/playlist?id=866289966,124万
Post-rock 周期表,http://music.163.com/playlist?id=832240971,45万
「电子•男声」入耳倾心，渐入佳境,http://music.163.com/playlist?id=865761819,362万
「精选」百首好听电音 带你走进另一个世界,http://music.163.com/playlist?id=830292066,54115
后现代主义音乐思潮下审美转向,http://music.163.com/playlist?id=863574905,32万
⚡️17年7月新热电音推送,http://music.163.com/playlist?id=831925986,369万
重温华语老歌，这些专辑今年20岁。,http://music.163.com/playlist?id=867507289,492万
有哪些好听的歌会让你感同身受,http://music.163.com/playlist?id=864112683,193万
「韩综」三时三餐海洋牧场篇BGM,http://music.163.com/playlist?id=830430416,65665
唯美纯音｜一个小小的青春故事。,http://music.163.com/playlist?id=822918736,584万
你需要一首BGM，来撑起你的内心戏！,http://music.163.com/playlist?id=826721715,901万
【综艺】中餐厅背景音乐BGM合集,http://music.163.com/playlist?id=820962100,418万
如果节奏到位你就拍拍手,http://music.163.com/playlist?id=823026287,142万
中国嘻哈榜-7月榜,http://music.163.com/playlist?id=827231727,12万
还记得当年的那张录取通知书吗？,http://music.163.com/playlist?id=822652429,48万
一到夏天我就喜欢吃着火锅哼着歌✌️,http://music.163.com/playlist?id=824574078,29万
喜欢海风，花香，还有悄悄出现的你。,http://music.163.com/playlist?id=822188565,28万
从此陌路，祝你安好,http://music.163.com/playlist?id=828450981,16万
『华语|甜心女声』盛夏的你美的很安静,http://music.163.com/playlist?id=827891108,58739
中餐厅好听的背景音乐,http://music.163.com/playlist?id=821671059,11221
你印象最深的童话故事是哪一个？,http://music.163.com/playlist?id=821890584,35068
［静心纯音］孤独从来都很美,http://music.163.com/playlist?id=813427878,50万
抒情/日语：内心萦绕的只有初遇时的温暖,http://music.163.com/playlist?id=813775157,74万
［日系］纯洁的声音，无邪的青春,http://music.163.com/playlist?id=818849560,39万
可爱即正义！甜到少女心炸裂，听了想谈恋爱,http://music.163.com/playlist?id=817197703,188万
「日系/治愈」世界以痛吻我，而我报之以歌,http://music.163.com/playlist?id=813168150,122万
【童谣】谣啊谣，谣到外婆桥,http://music.163.com/playlist?id=816537952,80万
「日系」甜蜜的事多半发生在夏天,http://music.163.com/playlist?id=816523350,26万
好莱坞动画电影中的美国梦,http://music.163.com/playlist?id=815623180,99万
致前任 | 予你后妈般的关怀,http://music.163.com/playlist?id=818636095,201万
『燃曲向』燃烧吧我的中二之魂！！③,http://music.163.com/playlist?id=813657389,47万
忆文人墨客｜笔墨半张 满纸尽风华,http://music.163.com/playlist?id=813960544,164万
『呼喊与细语』欧美古典电影精选,http://music.163.com/playlist?id=813645724,90万
【劲歌金曲第一弹】请选择严肃脸抖腿,http://music.163.com/playlist?id=817351430,398万
致前任｜最不可能的人 听完请放下,http://music.163.com/playlist?id=814768511,606万
林肯公园主唱离世 | 我努力过 但终究徒劳,http://music.163.com/playlist?id=818563810,1499万
『日系』有一种调皮叫小清新~,http://music.163.com/playlist?id=815640663,33万
「福利」欧美福利MV,http://music.163.com/playlist?id=819069854,31868
【超燃史诗&节奏电音】运动/健身/游戏必备,http://music.163.com/playlist?id=818000419,95704
有个玩黑怕的中国男孩儿有话对你说,http://music.163.com/playlist?id=817863107,237万
『日系感动』你是我永恒不变的守候,http://music.163.com/playlist?id=815399414,38万
复古舞曲｜跟随旧时光中的节奏摇摆起来,http://music.163.com/playlist?id=812775669,140万
高能慎点! 30首夏日恋曲MV合集,http://music.163.com/playlist?id=814290508,86万
繁花似锦|旋律向女声|奏响日系绚章,http://music.163.com/playlist?id=814715958,17万
另类情歌 | 我越过谎言去拥抱你,http://music.163.com/playlist?id=815359759,291万
很多故事再不讲就没人记得了 | 华语精选,http://music.163.com/playlist?id=814298370,290万
不困于旧情 | 粤语歌中的洒脱之境,http://music.163.com/playlist?id=819433145,143万
莫忘曾经少年，以用来时怀念,http://music.163.com/playlist?id=872349617,61万
妈妈这个玩摇滚的撩到我了，我想跟他走,http://music.163.com/playlist?id=873457370,100万
国产文艺向|所有的光芒都向我涌来,http://music.163.com/playlist?id=872540760,184万
【游戏高燃bgm】强势反杀逆风翻盘,http://music.163.com/playlist?id=875122033,16815
电影三生三世十里桃花,http://music.163.com/playlist?id=875768570,57190
中国流朋！New School治愈不开心！,http://music.163.com/playlist?id=872528248,30万
听了它们，玻璃心变钻石心,http://music.163.com/playlist?id=871599881,21万
谁在倾听，一叶知秋的美丽？,http://music.163.com/playlist?id=870898083,149万
「萌系Future Bass」雪糕般甜美的日系电音,http://music.163.com/playlist?id=867035157,59万
50部爱情电影，50种浓情蜜意,http://music.163.com/playlist?id=863956318,452万
『粤语』我和小伙伴听过的崴碟子和撇磁带,http://music.163.com/playlist?id=867504997,397万
「日系」温柔男声·孤独世界中的深情咏叹,http://music.163.com/playlist?id=863589319,30万
专属于一个人的独处时光,http://music.163.com/playlist?id=833719805,39万
「冷色女嗓」迷离恍恍 疏离且温暖,http://music.163.com/playlist?id=863982490,140万
「自我凋零」孤独是心灵与肉体的失衡,http://music.163.com/playlist?id=831636114,70万
最佳电音︳旋律喷涌 • Progressive House,http://music.163.com/playlist?id=865400398,133万
Rapper说情话｜突然想闻一闻恋爱的酸臭味,http://music.163.com/playlist?id=867730778,276万
【魔幻史诗】权力的游戏：凛冬已至,http://music.163.com/playlist?id=830267252,150万
【周杰伦钢琴曲】沉浸于青春回忆的旋律中,http://music.163.com/playlist?id=831855308,115万
【激情夏日】我们来玩点刺激的吧！,http://music.163.com/playlist?id=866828427,216万
「迷幻系」花笺薄雾· 一袭仙气轻盈满腔,http://music.163.com/playlist?id=867481448,81万
♬ 【节奏控】生命中处处有光,http://music.163.com/playlist?id=832894031,434万
清晨第一缕阳光，配上清新电音,http://music.163.com/playlist?id=866949195,35万
［光怪陆离］“斯德哥尔摩的孤寂天光”,http://music.163.com/playlist?id=863417469,17万
【古风】一人一首歌·举杯邀明月,http://music.163.com/playlist?id=830101724,76万
後搖 | 你说的话美得像一首丧词,http://music.163.com/playlist?id=832703187,31万
虚幻的真实 | CG电影的独特魅力.,http://music.163.com/playlist?id=832765541,15万
【寰行中国】你开车，我放歌（外文）,http://music.163.com/playlist?id=866334527,22万
『封面辑•背影』渐 行 渐 远,http://music.163.com/playlist?id=867037830,20万
抱着吉他 弹唱一段过往时光,http://music.163.com/playlist?id=831188390,84万
後搖 | 你梦中的呓语是我听过最美的声音,http://music.163.com/playlist?id=863397671,15万
「ACG/燃系」点燃激情，感受畅快淋漓的感觉,http://music.163.com/playlist?id=831439643,56万
节奏控｜感受合成器电子节拍的魅力,http://music.163.com/playlist?id=867990102,279万
报告老大，我还有话对你说……,http://music.163.com/playlist?id=865078530,464万
東方明镜邦乐•三味线与纯音的伯雅,http://music.163.com/playlist?id=832142695,15万
好的翻唱会不断从别人那里听说 | 持续更新,http://music.163.com/playlist?id=827063613,603万
『开口脆』迷幻嗓音极致瞬间❤️,http://music.163.com/playlist?id=824754853,213万
孤独之前是迷茫 孤独之后是成长,http://music.163.com/playlist?id=830053193,472万
Tomorrowland2017现场歌曲精选,http://music.163.com/playlist?id=824476199,71万
极限挑战 第3季 全部 背景音乐,http://music.163.com/playlist?id=822399385,29万
综艺中餐厅|神BGM|背景音乐插曲合集,http://music.163.com/playlist?id=820969038,266万
「Future bass」灵动奇幻的迷人音律,http://music.163.com/playlist?id=823285859,25849
国产纯音│它们连名字都很美,http://music.163.com/playlist?id=819184135,155万
倾听自然 · 海之遐想,http://music.163.com/playlist?id=819618896,461万
【 天堂中的歌声丨那些英年早逝的歌手们 〗,http://music.163.com/playlist?id=818802489,613万
男唱作人：有一种魅力叫才华,http://music.163.com/playlist?id=815721052,294万
随遇而安 | 云村民谣旅行指南,http://music.163.com/playlist?id=815944010,267万
吴越魂° | 千古江南，醉里吴音,http://music.163.com/playlist?id=817540790,138万
摇滚编年史 Ⅰ 起源,http://music.163.com/playlist?id=812552900,17万
【 入门教科书丨这里是欧美 〗,http://music.163.com/playlist?id=813233028,20万
I'll Sleep When I'm Dead,http://music.163.com/playlist?id=817913224,250万
2017快乐男声（更新中）,http://music.163.com/playlist?id=813799712,26万
『华语说唱』 两百位内地Rapper,http://music.163.com/playlist?id=805786215,239万
粤语丨 岁月流情，回味旧日的浪漫故事,http://music.163.com/playlist?id=803927975,629万
☀️Tropical House| 百位艺人 百首良曲,http://music.163.com/playlist?id=804567237,289万
【华语】网剧大盘点，你最喜欢哪一部？,http://music.163.com/playlist?id=809639756,536万
【孝利家民宿】BGM（持续更新中！）,http://music.163.com/playlist?id=811702133,27932
民族器乐丨华语流行用民族器乐演绎③,http://music.163.com/playlist?id=808548427,39万
抖腿患者珍藏✈电音入坑神曲精选,http://music.163.com/playlist?id=804886060,40万
【✧ 蒸汽波 ✈ 在甜蜜的梦中沉浮 ✦ 〗,http://music.163.com/playlist?id=805570326,33955
Ultra音乐节2017欧洲站 | 现场歌单,http://music.163.com/playlist?id=810959759,16万
『小酒馆』剑与魔法 · 旅途中的休憩时光,http://music.163.com/playlist?id=800496969,104万
沉浸于字里行间°读书专用背景音乐,http://music.163.com/playlist?id=800314623,436万
七月 · 电音 ⚡️ 深度盘点 & 鉴赏指南,http://music.163.com/playlist?id=810925452,68万
┃撩妹时需要的浪漫┃ 钢琴&爵士的完美结合,http://music.163.com/playlist?id=801361680,181万
［年代感］欧美原声吉他弹唱精选100首,http://music.163.com/playlist?id=801243854,357万
涨姿势｜意想不到的合作碰撞出激情的火花,http://music.163.com/playlist?id=785586497,291万
［FUNK］爵士鼓与贝斯的节奏律动配合,http://music.163.com/playlist?id=798022381,10万
「Chinese纯音」一袭烟雨满梦江南,http://music.163.com/playlist?id=801517487,63330
「电子•女声」惊艳耳际，一秒倾心,http://music.163.com/playlist?id=798130521,607万
「ཕྱི་རྒྱལ་གྱི」海外藏族音乐精选,http://music.163.com/playlist?id=813041436,18831
戴上耳机燥起来吧！,http://music.163.com/playlist?id=816517202,243万
俏皮清新的韩语小调，冰镇你的夏天,http://music.163.com/playlist?id=818210323,123万
「华语情歌」想得却不可得，你奈人生何,http://music.163.com/playlist?id=812107986,665万
音乐现场｜这些live有故事要讲,http://music.163.com/playlist?id=814750894,65万
【古典】优美旋律撩拨温柔的灵魂,http://music.163.com/playlist?id=813506573,28万
「阳光派对」迎着热浪在沙滩上奔跑,http://music.163.com/playlist?id=816892709,72万
|雷鬼| 听说你这个人很Slay ？,http://music.163.com/playlist?id=811759678,118万
上海老歌 | 十里洋场的美丽与哀愁,http://music.163.com/playlist?id=817778516,153万
粤语味道|一如火焰，一如倒影,http://music.163.com/playlist?id=816314897,269万
“乐瓶”精选歌单|音乐如饮水，冷暖人自知,http://music.163.com/playlist?id=813826123,17万
当Funk遇上K-Pop，腿要抖的带点范儿,http://music.163.com/playlist?id=817408629,45万
华语R&B · 30°C的夏天需要点节奏,http://music.163.com/playlist?id=819672372,335万
2017年上半年英国最畅销单曲TOP 20,http://music.163.com/playlist?id=818424215,175万
超嗨 ▍敲好听却未被发掘的欧美音乐☪,http://music.163.com/playlist?id=811863014,26万
20多种语言和各种风格来唱Despacito,http://music.163.com/playlist?id=819107674,27680
EA7 - [排面专用曲],http://music.163.com/playlist?id=816403288,93835
清雅古风,http://music.163.com/playlist?id=812123290,56581
Sample|中文说唱的那些采样原曲,http://music.163.com/playlist?id=813841720,143万
他不是没脾气，只是足够爱你。,http://music.163.com/playlist?id=819448160,207万
韩语||缓缓道来的是满满的感动,http://music.163.com/playlist?id=811229592,31万
聽 完 可 以 撩 妹,http://music.163.com/playlist?id=814131184,72549
Miflo Concert,http://music.163.com/playlist?id=886745873,5412
Moombahton | 飞行于云端的雷鬼电子,http://music.163.com/playlist?id=817473172,46622
听一段别人的故事 走一段自己的路,http://music.163.com/playlist?id=816471548,165万
给你瓶高能饮料 去拯救世界吧！,http://music.163.com/playlist?id=815347916,20万
【 Ed Sheeran 〗,http://music.163.com/playlist?id=816466018,28499
New Wave Ⅰ 你是一时席卷的浪潮,http://music.163.com/playlist?id=814852363,15万
玛嘉烈与大卫 前度,http://music.163.com/playlist?id=816584315,40877
「深夜循环」灵魂沉溺❥,http://music.163.com/playlist?id=813420211,10553
「日语民谣」月色中的浅吟低唱,http://music.163.com/playlist?id=806728741,183万
Hiphop-Man(欧阳靖)『华人Hiphop之光』,http://music.163.com/playlist?id=813218990,8398
中国新歌声第二季 1-7期 | 原唱歌单,http://music.163.com/playlist?id=811149981,29579
丢火车乐队2017“浮生之旅”巡演,http://music.163.com/playlist?id=815250908,40054
日系の恋歌| 你是我未曾说出口的爱恋ღ,http://music.163.com/playlist?id=808736458,143万
HSG运动音乐集 VOL.10,http://music.163.com/playlist?id=768992515,12万
我想你需要一点少年心气,http://music.163.com/playlist?id=773284110,83万
【 慵懒的午后丨他们娓娓道来 〗,http://music.163.com/playlist?id=770211576,16万
EDM | 当毒性电音遇上磁性男嗓,http://music.163.com/playlist?id=758685273,567万
『电音』神级Remix版本背后的优质原作⑧,http://music.163.com/playlist?id=765260847,51万
Ghost Producer|那些才华横溢的幕后制作人,http://music.163.com/playlist?id=757439549,540万
《冈仁波齐》电影原声,http://music.163.com/playlist?id=774541935,75749
【Trap】符号歌 ✈️,http://music.163.com/playlist?id=757826813,26万
国风电音‖一曲登仙_西洋人的中华古韵,http://music.163.com/playlist?id=763639683,120万
八十八星座｜夜空漫游指南,http://music.163.com/playlist?id=761129677,111万
【欢快纯音】这些歌能带给你每一天的好运气,http://music.163.com/playlist?id=758176730,233万
Bass House|极致躁动 触碰灵魂的节奏,http://music.163.com/playlist?id=765771443,128万
6分钟听完57首古典音乐名曲,http://music.163.com/playlist?id=759843717,14万
西音史考试正序版本,http://music.163.com/playlist?id=760320992,63947
【独立音乐】民谣VS嘻哈VS摇滚,http://music.163.com/playlist?id=877487595,13211
武侠丨江湖恩怨何时了，一曲逍遥终罢了。,http://music.163.com/playlist?id=759153394,245万
【 你的唇是什么味道 〗,http://music.163.com/playlist?id=765544629,99万
弹起我的尤克里里，想撩的却是你,http://music.163.com/playlist?id=762118432,38万
「B站」一见倾心系列BGM合集,http://music.163.com/playlist?id=764763725,57万
「俄罗斯」雄壮苍凉的战斗民族,http://music.163.com/playlist?id=760831410,15万
绝地求生大逃杀最强广场音响师,http://music.163.com/playlist?id=763113558,40293
放松释压，梦散后你还拥有整个夜晚。,http://music.163.com/playlist?id=758682613,145万
能让你满血复活的励志歌,http://music.163.com/playlist?id=757692256,16万
【ACG】毕业季、回忆过去&追梦未来,http://music.163.com/playlist?id=752937801,93万
暖声柔语和千疮百孔的心,http://music.163.com/playlist?id=751675925,15万
《极盗车神》Baby Driver 原声大碟,http://music.163.com/playlist?id=751577793,24665
【日系/纯音】少时的友谊，如此之珍贵✌,http://music.163.com/playlist?id=756262617,63万
「日系」知音难觅｜琉璃我心｜②,http://music.163.com/playlist?id=752366200,30万
恐怖片里让人颤栗的音乐,http://music.163.com/playlist?id=758899202,36万
好听的粤语歌,http://music.163.com/playlist?id=763175613,60万
日系感动｜因为花自然会继续开放,http://music.163.com/playlist?id=757381744,57万
民谣现场｜注重于音乐体验的livehouse现场,http://music.163.com/playlist?id=759133111,78万
民谣｜你是深山的游客，边走边爱四海为家,http://music.163.com/playlist?id=765369629,20万
中古民谣 • 时间和空间的跨越,http://music.163.com/playlist?id=749977728,70万
视频首选BGM，燃！,http://music.163.com/playlist?id=753676566,26万
多雨的季节[舒缓民谣]走到另一端,http://music.163.com/playlist?id=797770692,95万
好听舒心的英文精选集,http://music.163.com/playlist?id=800186743,74万
Christian Rock‖摇滚青年的信仰之路,http://music.163.com/playlist?id=784003228,21万
德莱文摇不摇头？,http://music.163.com/playlist?id=799485734,67921
Ariana Grande巡演曲目,http://music.163.com/playlist?id=800104486,38390
【日】前奏×开口＝入坑,http://music.163.com/playlist?id=798254441,29890
韩语丨镶入Future Bass的R&B旋律,http://music.163.com/playlist?id=802223127,40万
2017上半年50首嘻哈热单精选,http://music.163.com/playlist?id=799301249,31万
陌路人，你慢点走,http://music.163.com/playlist?id=799612157,34万
出神入化 迷幻电子女声 Vocal Trance 2⃣,http://music.163.com/playlist?id=801498501,53888
【抖音特辑五】 站在音符掀起的律动风暴中,http://music.163.com/playlist?id=784167517,14614
口哨系列 一秒就喜欢上,http://music.163.com/playlist?id=784842404,20万
【伤感华语】 回忆是所有心痛的根源。,http://music.163.com/playlist?id=783700582,47万
打电竞时候听的歌,http://music.163.com/playlist?id=797769281,35232
「纯音」炎炎夏日，放松一下疲惫的身心,http://music.163.com/playlist?id=799008144,134万
纯音乐 身处一片荒芜上，抬头看见漫天星空,http://music.163.com/playlist?id=802135186,10969
精选集丨『全球十大顶级配乐公司』,http://music.163.com/playlist?id=781200517,308万
阴三、龍胆紫、POE、冯笑的音源要就找我！,http://music.163.com/playlist?id=783995585,18940
致敬日剧！『成人法则音乐会』曲目单,http://music.163.com/playlist?id=801251711,72499
海峡两岸风格截然不同的摇滚乐队,http://music.163.com/playlist?id=786029429,42439
Melodic Drum&Bass 阴霾散却 云尽日出,http://music.163.com/playlist?id=780886768,191万
简女王的bgm武器,http://music.163.com/playlist?id=799881002,15916
Melodic Dubstep|渗透灵魂的唯美人声电音,http://music.163.com/playlist?id=779135629,390万
国人物语 | 夏日间隙中捕捉灵动电音,http://music.163.com/playlist?id=782997559,45万
李白煮酒 · 七贤蹦迪,http://music.163.com/playlist?id=782903861,72万
【韩语】夏日午后，慵懒的小调,http://music.163.com/playlist?id=782866014,48万
【节奏控】清爽节奏，中毒的旋律循环不止,http://music.163.com/playlist?id=780523862,354万
2017上半年，这50首“老歌”杀了个回马枪,http://music.163.com/playlist?id=782861251,544万
Summer节拍♫ 丨Gelato般的清凉听感~,http://music.163.com/playlist?id=780363143,89万
「粤语」当港乐遇上Remix,http://music.163.com/playlist?id=782188957,118万
浅浅嗓调如诗朗诵般迷人「欧美篇」,http://music.163.com/playlist?id=780432032,25万
牛逼的梦想，不让我们认输(华语经典),http://music.163.com/playlist?id=780461407,82万
这才叫 中国有嘻哈！,http://music.163.com/playlist?id=780265776,250万
【中国有嘻哈】★参赛歌手大全（持续收录）,http://music.163.com/playlist?id=779407493,627万
『开口脆』他们说放羊可以治愈失恋,http://music.163.com/playlist?id=779065005,40万
少女心ღ｜恋爱是颗苹果糖,http://music.163.com/playlist?id=805407063,51万
欧美 | 如暖阳般温柔的清新小调,http://music.163.com/playlist?id=802291691,157万
深夜，伴你数满天繁星,http://music.163.com/playlist?id=807129493,126万
听歌学表白，原来这些歌词可以当情书,http://music.163.com/playlist?id=810334934,350万
夏虫与冰丨一碗清凉的纯音药,http://music.163.com/playlist?id=803884817,215万
〖迷画之境〗印象派音乐选集,http://music.163.com/playlist?id=805754792,75821
『燃曲向』燃烧吧！我的中二之魂！①,http://music.163.com/playlist?id=807173942,79万
帅到没朋友的日语女声,http://music.163.com/playlist?id=807467878,10万
『韩系低音炮』男男合作的暴力美感,http://music.163.com/playlist?id=808000730,17万
想撩妹？用这单就够了,http://music.163.com/playlist?id=805199918,606万
『华语说唱』 95位女Rapper,http://music.163.com/playlist?id=805801010,142万
【后摇】直到风林俱寂，游走世界尽头,http://music.163.com/playlist?id=805710619,42万
【古风古文】一曲香词 谁人夜夜纪山月,http://music.163.com/playlist?id=804820260,165万
Ukulele♫ 丨弹奏一个夏天只要四根弦~,http://music.163.com/playlist?id=806634917,184万
不断创新的融合爵士吉他手们,http://music.163.com/playlist?id=809511084,10万
说唱新编，唱出你的味道！,http://music.163.com/playlist?id=807761662,237万
【治愈系女嗓】只愿默默浅唱 撩拨心弦,http://music.163.com/playlist?id=806537880,325万
【2017】热播影视剧原声歌曲盘点,http://music.163.com/playlist?id=810246568,656万
Moombahton¦夏日蹦跶指南,http://music.163.com/playlist?id=802606913,98万
♠️唯美贝斯|沁入心扉的旋律Dubstep,http://music.163.com/playlist?id=807830677,20万
Country Gospel‖金黄麦田下的乡村韵律,http://music.163.com/playlist?id=803309955,27万
「日系」我歌都懒得唱，这么热还要上班？,http://music.163.com/playlist?id=807978477,45万
陪你度过漫长岁月的备胎之歌,http://music.163.com/playlist?id=809090380,403万
【国创】还记得游戏开始界面的BGM吗,http://music.163.com/playlist?id=804585062,21万
当古典音乐遇上另类演绎，妙趣横生,http://music.163.com/playlist?id=805341975,34万
［融合爵士］七十年代巅峰爵士音乐大师精选,http://music.163.com/playlist?id=806255123,46万
故事汇–『乡村女诗人音乐叙事集』,http://music.163.com/playlist?id=809529420,26万
双世宠妃 OST,http://music.163.com/playlist?id=807270118,67748
【EPIC】那就让你一首一首喜欢XD,http://music.163.com/playlist?id=802592864,14万
欢迎来到实力至上主义的教室【持续更新】,http://music.163.com/playlist?id=808951406,90651
抖音BGM合辑,http://music.163.com/playlist?id=806828172,18万
【孝利家民宿】李尚顺的歌单/OST/BGM,http://music.163.com/playlist?id=805255031,37135
听雨 奏出优美乐章不同凡响 洗去心灵尘垢,http://music.163.com/playlist?id=803744020,16万
音乐风向 | 流行电子席卷全球,http://music.163.com/playlist?id=806469223,111万
『清新电子』感觉夏日的清凉之风,http://music.163.com/playlist?id=808670762,16万
国语粤语通歌对照单｜一首歌两种感觉,http://music.163.com/playlist?id=778807485,79万
【Hip Hop】Freestyle Battle,http://music.163.com/playlist?id=781070221,8121
[葡语] 相爱感伤/别来无恙,http://music.163.com/playlist?id=779274883,19万
纪念香港回归20年 ：哪部电影让你难以忘怀,http://music.163.com/playlist?id=781332544,33万
2017夏季日剧主题歌（含介绍更新中）,http://music.163.com/playlist?id=781679199,42086
假装活在1994 (华语篇),http://music.163.com/playlist?id=783284613,94万
MiyaGi & Эндшпиль,http://music.163.com/playlist?id=782601850,63007
BODYPUMP103 Lesmills 2017·03 BP103杠铃操,http://music.163.com/playlist?id=782428573,45430
《中国有嘻哈》的BGM与歌曲合集（收录中）,http://music.163.com/playlist?id=780435655,29万
中国新歌声第二季大逃杀第二场,http://music.163.com/playlist?id=782786476,25万
|小叮当| 人狠话多电竞阿福,http://music.163.com/playlist?id=782207473,45329
【暗黑系】哥特萝莉&病娇,http://music.163.com/playlist?id=777655739,24万
日系&治愈|因为有你，我的未来才会如此灿烂,http://music.163.com/playlist?id=776804064,84万
极度克制的精神沉淀✟无法抽离的黑暗氛围,http://music.163.com/playlist?id=775944859,407万
『ACG』别问为什么我边听边痴笑(｢･ω･)｢,http://music.163.com/playlist?id=777641199,91万
【日系纯音】意境之唯美，不由得陶醉其中♫,http://music.163.com/playlist?id=775733356,28万
♬ 「健身歌单」夏天到了，准备开始运动,http://music.163.com/playlist?id=777985388,270万
【韩语】仲夏之夜，一抹小清新萦绕耳畔,http://music.163.com/playlist?id=777372588,37万
淡淡的自述最引人共鸣「欧美篇」,http://music.163.com/playlist?id=776382711,40万
渐进纯音：请和我一起等到绽放的那一刻吧,http://music.163.com/playlist?id=777983629,10万
【夏日清新电子曲风】♥来啊，快活啊♥,http://music.163.com/playlist?id=776497037,24万
零度带你飞（王者荣耀&背景音乐）,http://music.163.com/playlist?id=774982390,67538
|烟嗓| 沙哑嗓音下的慵懒灵魂——,http://music.163.com/playlist?id=775560168,21万
『日系』未闻花名但知花香,http://music.163.com/playlist?id=775282409,21万
少女前线 原声OST,http://music.163.com/playlist?id=775906196,60747
歌曲播放页面双指下滑，开启毕业放映厅,http://music.163.com/playlist?id=777654259,398万
激情夏日，热浪海风【电音】,http://music.163.com/playlist?id=778464969,58万
【元气骑士】玩的时候听（非原曲）,http://music.163.com/playlist?id=777496217,56854
精选冷门 | 听了绝对好听吓到你,http://music.163.com/playlist?id=776260101,41万
科普向：那些你应该了解的古典名曲,http://music.163.com/playlist?id=774357910,22万
BGM . ♛中国有嘻哈完整版背景乐合集 定期更,http://music.163.com/playlist?id=776371897,12万
【节奏控】一听就上瘾的惊艳女声,http://music.163.com/playlist?id=768047050,369万
『日语＆治愈』让你无法释怀的暖系歌曲~,http://music.163.com/playlist?id=774419520,59万
【古风】因为前奏爱上一首古风歌,http://music.163.com/playlist?id=769141707,120万
【西语】听说是与上帝交流的语言(滑稽）,http://music.163.com/playlist?id=768288955,25万
18if梦境异闻录,http://music.163.com/playlist?id=802426094,9293
电子女毒 叫醒耳朵 ☀️夏日清新节揍控,http://music.163.com/playlist?id=808750357,10万
Despacito~大集合,http://music.163.com/playlist?id=808718544,25万
漂浮上空 净化心灵｜Melodic Progressive,http://music.163.com/playlist?id=802851746,18642
2017风暴电音节成都站热单强推,http://music.163.com/playlist?id=808325651,38万
《闪光少女》电影原声大碟,http://music.163.com/playlist?id=803265097,10万
闪光少女★电影歌曲★全集,http://music.163.com/playlist?id=804475081,25万
【｛欧阳靖·嘻哈侠·说唱｝】,http://music.163.com/playlist?id=804966048,39634
入耳便爱上的英文歌（持续更新）,http://music.163.com/playlist?id=802455788,80710
少年有点酷原唱(1、2部全),http://music.163.com/playlist?id=802709578,58748
青春之我,http://music.163.com/playlist?id=807913402,75733
至少都近距离接触过我们遥不可及的人,http://music.163.com/playlist?id=804680533,37万
日系治愈｜想告诉你所有的美好,http://music.163.com/playlist?id=799096909,138万
大叔范 | 慵懒迷离的大叔嗓,http://music.163.com/playlist?id=801091817,223万
【 热门歌手们被遗忘在角落的冷门 〗,http://music.163.com/playlist?id=807990732,70604
『纯音』霁月清朗，辉映朦胧初恋,http://music.163.com/playlist?id=800268876,53万
[秘封幻想世界] 清风梦语 浅酌低吟,http://music.163.com/playlist?id=798498895,36万
故事辑☆倾听那一段歌曲深处的故事,http://music.163.com/playlist?id=805271897,77690
活力百分百，那些元气满满的东方同音,http://music.163.com/playlist?id=798528703,47万
日系男声ll爽朗是清风，捎走了微笑,http://music.163.com/playlist?id=785030678,50万
唉我跟你讲这些MV超有创意的②,http://music.163.com/playlist?id=801980122,11万
「口哨系」入耳迷醉的口哨节奏♫,http://music.163.com/playlist?id=785317069,276万
骚受范 | 别具一格的假音男声,http://music.163.com/playlist?id=801150590,77万
舞池摇曳 | Deep house深邃氛围下的性感,http://music.163.com/playlist?id=799449717,102万
Sleep Late ✈︎丨午夜电气,http://music.163.com/playlist?id=798825958,141万
【华语单曲】唤醒你体内的共鸣与温存,http://music.163.com/playlist?id=798620026,140万
中国说唱的江湖梦$$,http://music.163.com/playlist?id=799878920,215万
前方高甜 非战斗人员请护好心脏,http://music.163.com/playlist?id=799458834,82万
我想成为一个温柔的人。,http://music.163.com/playlist?id=801172889,28万
一些奇怪的摇滚，奇怪的那么好听。,http://music.163.com/playlist?id=801148275,126万
［韩语］让人魔怔的韩系Rap魂,http://music.163.com/playlist?id=787086674,59万
这是一群中国变迁时代的摇滚老炮。,http://music.163.com/playlist?id=802170783,84万
这才是小满的正确打开方式◡(´∀｀)♡,http://music.163.com/playlist?id=799574257,41351
• R&B/Soul｜夏日清爽律动,http://music.163.com/playlist?id=801152473,129万
多重合唱辑‖沦陷在粤语里的合唱佳作,http://music.163.com/playlist?id=784233069,172万
女声邂逅口哨|一场夏日听觉盛宴,http://music.163.com/playlist?id=751864510,186万
|大叔嗓| 把灵魂里的深情唱给你听——,http://music.163.com/playlist?id=750259340,221万
巴洛克音乐与数学,http://music.163.com/playlist?id=756116856,99万
欲罢不能的电音Dope✈ Trap/Future Bass,http://music.163.com/playlist?id=752597219,332万
迷失与彷徨✞沉溺的窒息感,http://music.163.com/playlist?id=756714689,85422
华语说唱里面的“励志”元素,http://music.163.com/playlist?id=756543818,402万
|华语励志| 用最初的心走最远的路,http://music.163.com/playlist?id=756004544,519万
『公瑾』欲得周郎顾，时时误拂弦,http://music.163.com/playlist?id=752995389,55万
avex动漫歌曲宅急便 Part 1,http://music.163.com/playlist?id=756400708,111万
「空灵女嗓」阳光暖人 沉溺空灵醉于花,http://music.163.com/playlist?id=749937202,41万
华语 | 一见如故，觉得与阁下甚是投缘,http://music.163.com/playlist?id=755862819,133万
毕业季 | 让我与你握别这无悔的青春,http://music.163.com/playlist?id=752080850,303万
【韩语】在深夜仍给予你力量的那首歌,http://music.163.com/playlist?id=752564546,104万
这节奏，听着就想跳舞！,http://music.163.com/playlist?id=750115024,129万
陈粒，花粥，阿敬，春花,http://music.163.com/playlist?id=749335461,142万
日系治愈｜想成为一个温柔的人,http://music.163.com/playlist?id=745510353,108万
「日系」中毒|听说你也喜欢开口跪？,http://music.163.com/playlist?id=748209731,293万
民谣｜那些小众却又很好听的歌,http://music.163.com/playlist?id=751517833,299万
超级英雄电影中的热血音乐,http://music.163.com/playlist?id=750649513,98万
日系の纯音| 记忆之境中的女孩与时光°,http://music.163.com/playlist?id=741427337,117万
「动漫高燃」Fate各个版本燃曲,http://music.163.com/playlist?id=749643580,65632
20首必听翻唱神曲,http://music.163.com/playlist?id=748974562,116万
【东方project】简单入门手册,http://music.163.com/playlist?id=744024139,31万
薛之谦 一个人能有多不正经就能有多深情,http://music.163.com/playlist?id=749283796,61万
高考提分哪家强，听完此单斗志昂,http://music.163.com/playlist?id=747075590,551万
【学习&作业】适合学习和看书的轻音乐.,http://music.163.com/playlist?id=748089523,21万
S e x BGM,http://music.163.com/playlist?id=756255823,13522
「日系」飘渺的背后，是触及不到的心音,http://music.163.com/playlist?id=745436585,39万
手机铃声高潮~,http://music.163.com/playlist?id=754018455,16万
【电子】电音里MV都是骗人的,http://music.163.com/playlist?id=743472819,116万
那里有一颗希望，我要去看一看,http://music.163.com/playlist?id=742679869,27万
『古典』优美的声乐曲集,http://music.163.com/playlist?id=748436532,128万
“你那么孤独，却说一个人真好”,http://music.163.com/playlist?id=747977586,270万
美国嘻哈说唱经典：大佬们史诗般的合作,http://music.163.com/playlist?id=748584238,138万
【星】疏星闭上疲倦欲睡的眼睛，退隐消失了,http://music.163.com/playlist?id=748097751,38万
比听CD更有Feel的粤语Live。,http://music.163.com/playlist?id=771042656,145万
国风电音‖冷宫自有颜如玉,http://music.163.com/playlist?id=770745641,42万
『古典』忧郁时你在听什么,http://music.163.com/playlist?id=773972621,14万
【纯音/治愈】以音乐的静美，赠你一片暖阳,http://music.163.com/playlist?id=772595094,60万
『轻民谣｜忧郁歌者，吟游詩人』,http://music.163.com/playlist?id=770272990,86万
三十支当代日本男乐队：每支一首精选,http://music.163.com/playlist?id=770854974,19万
【 慎用！高浓度肾上腺素 〗,http://music.163.com/playlist?id=771276185,354万
撩汉指南 | 女追男 隔层纱呀妹子,http://music.163.com/playlist?id=773368669,99万
ACG清新吉他丨夏日微风轻拂脸庞,http://music.163.com/playlist?id=773693873,22万
图书馆静心背景音,http://music.163.com/playlist?id=769922126,49340
抖音大合集_Mm（抖腿吧骚年）（持续更新）,http://music.163.com/playlist?id=773342224,278万
『纯音乐』乐器合集，遇见不同的生活,http://music.163.com/playlist?id=773791841,50万
纯音：沉浸在弦乐的交织中,http://music.163.com/playlist?id=773327720,28万
今天只听丧歌,http://music.163.com/playlist?id=769925042,25万
【日系】那些迷人的电吉他前奏,http://music.163.com/playlist?id=767131917,26万
民谣女歌者｜燕山人海池池语陈词曲酒粒粒歌,http://music.163.com/playlist?id=774023504,90万
那些搞怪洗脑的华语神曲,http://music.163.com/playlist?id=772407564,82万
自然回响 让万物之灵抚平你的躁动,http://music.163.com/playlist?id=767323041,19万
【异域风情】小语种♫歌曲拔萃 (｡・`ω´･,http://music.163.com/playlist?id=770069900,23万
舒适型纯音｜触及灵魂 净化心灵,http://music.163.com/playlist?id=773652280,145万
年少江湖梦｜小二上两斤牛肉，再热壶好酒。,http://music.163.com/playlist?id=769291130,87万
我们的少年时代,http://music.163.com/playlist?id=774711415,28万
大军师司马懿之军师联盟BGM,http://music.163.com/playlist?id=766291038,19万
抒情男声日语||想成为一个温柔的人,http://music.163.com/playlist?id=757509631,87万
【华语】我该如何度过漫漫长夜,http://music.163.com/playlist?id=769333356,287万
『東方雅乐｜和风意境純音赏』,http://music.163.com/playlist?id=761845200,64万
Gosh-重特兰大,http://music.163.com/playlist?id=770824874,87186
【不断更新】民谣是心底的孤独,http://music.163.com/playlist?id=771076371,89万
汽车人，变形！《变形金刚》音乐合集,http://music.163.com/playlist?id=771299440,77万
外网排名前十的翻唱女歌手，每首都超好听.,http://music.163.com/playlist?id=767612182,15万
【 这些翻唱让原唱很慌 〗,http://music.163.com/playlist?id=771605613,29万
轻音乐集｜耳朵里的风景（壹）,http://music.163.com/playlist?id=772428454,16万
民谣小集｜心之所向 行路迢迢,http://music.163.com/playlist?id=768086773,22万
BODYJAM 82 Lesmills 2017·03 有氧舞蹈BJ82,http://music.163.com/playlist?id=772390805,39810
|北欧女声| 不食烟火，空灵之音——,http://music.163.com/playlist?id=758939609,31万
jazz hiphop｜小咖啡馆里的浪漫氛围,http://music.163.com/playlist?id=730850856,103万
「日系」极尽温柔 却藏在角落的冷门良曲❷,http://music.163.com/playlist?id=728530645,42万
那些优秀的日系纯音及其背后原曲②,http://music.163.com/playlist?id=731450485,63万
『运动专用』运动细胞和音乐神经的碰撞,http://music.163.com/playlist?id=733462165,233万
热浪来袭│沉溺男电深海之蓝,http://music.163.com/playlist?id=733682484,79万
『孤独』你好，再见。,http://music.163.com/playlist?id=739393046,47万
那些优秀的日系纯音及其背后原曲③,http://music.163.com/playlist?id=732123914,55万
狂想.奔放.动感.突然想学西语了！✌️,http://music.163.com/playlist?id=730705552,69万
【治愈系女声】这里有个姑娘撩完就跑,http://music.163.com/playlist?id=732374000,437万
琵琶精选｜含情欲说独无处，传与琵琶心自知,http://music.163.com/playlist?id=726422410,17万
我喜欢两个人唱情歌,http://music.163.com/playlist?id=733553971,267万
「日系」知音难觅｜琉璃我心,http://music.163.com/playlist?id=722804715,42万
【日系】聆听不插电(acoustic)上的清新女声,http://music.163.com/playlist?id=722586115,148万
［韩式＆校园风］是青春！是最美的时光,http://music.163.com/playlist?id=730945800,28万
【纯音】物哀，如坠入悲伤螺旋，少女终焉,http://music.163.com/playlist?id=726067042,105万
与全职高手有关的 那些真正走心的歌❤,http://music.163.com/playlist?id=719631685,11万
夏日微风｜听星星闪烁的声音,http://music.163.com/playlist?id=723623691,32万
「柔美温醇」生而优雅 旁若无人的美丽,http://music.163.com/playlist?id=723185970,189万
「攻声集」群攻并起逐天下,http://music.163.com/playlist?id=723814681,61万
「日系」音符之下｜埋觅休懿,http://music.163.com/playlist?id=725927336,16万
前奏控｜一听倾心，自此终生难忘,http://music.163.com/playlist?id=719283177,195万
「古风·纯音」露洒长松六月凉,http://music.163.com/playlist?id=720565761,16万
「日系男声」直男听弯概不负责哟～,http://music.163.com/playlist?id=712811919,60万
火影忍者角色专属BGM【木叶篇】,http://music.163.com/playlist?id=724936887,15万
〖流行钢琴音〗现代与典雅的完美结合,http://music.163.com/playlist?id=715831577,94万
【提神醒脑〗-Waking,http://music.163.com/playlist?id=723056945,133万
Trap Remix丨当欧美热单遇上毒性低音,http://music.163.com/playlist?id=717848220,707万
电音环绕，游戏必备！,http://music.163.com/playlist?id=715331683,547万
「日系纯音」静心旋律，享受这片刻的温柔Ⅰ,http://music.163.com/playlist?id=712624281,71465
「古风」听歌解暑，慵懒度夏,http://music.163.com/playlist?id=717893031,126万
那些你不容错过的中文HIPHOP精品,http://music.163.com/playlist?id=715109818,228万
【YouTube】史上最快达到5亿播放量的MV,http://music.163.com/playlist?id=872818320,7987
『自赏系』裛露珠晖冷 凌霜桂影寒,http://music.163.com/playlist?id=717002557,75203
【极致女声】狂野性感中的娇媚,http://music.163.com/playlist?id=709435407,200万
【日系】电子x萝莉，哼，才不是萝莉控呢,http://music.163.com/playlist?id=706453942,158万
震撼音效（欣赏建筑）,http://music.163.com/playlist?id=881542011,1619
摇 滚 少 女 命 名 指 南 。,http://music.163.com/playlist?id=881890238,292
华语丨男声。「春风十里，不如你」,http://music.163.com/playlist?id=871547559,1170
日系男声,http://music.163.com/playlist?id=879983388,364
VOA英语听力(慢速)高中生必备,http://music.163.com/playlist?id=870409701,238
新 · 韩语付费精选音乐包 ♪,http://music.163.com/playlist?id=864449095,2909
EMRC上海风暴全阵容,http://music.163.com/playlist?id=877110019,242
有种民谣叫李志,http://music.163.com/playlist?id=881343700,380
恋恋国风,http://music.163.com/playlist?id=871043105,1401
奥特曼里令人怀念/感动的BGM~〖新生の章〗,http://music.163.com/playlist?id=871066552,3241
国人纯音 丨 从晨曦到夜幕，展望未来♪,http://music.163.com/playlist?id=869947244,872
[抖腿电音]卸掉无所谓的压力,http://music.163.com/playlist?id=875794702,3291
听了会快乐的音乐,http://music.163.com/playlist?id=880646002,406
2017百威风暴电音节上海站,http://music.163.com/playlist?id=870256806,288
【BBC美丽中国】含字幕音频（Thea 彩蛋）,http://music.163.com/playlist?id=874820430,569
Heart Signal综艺（心动了）,http://music.163.com/playlist?id=877996517,161
极度疲惫 ——中文、,http://music.163.com/playlist?id=874594226,406
倒叙年华 ║ 一百首歌带你回到十年前,http://music.163.com/playlist?id=873943907,956
milkgod,http://music.163.com/playlist?id=864950984,2989
一只萌七岁,http://music.163.com/playlist?id=871927497,2086
桂林德智外国语学校起床歌2007-2010,http://music.163.com/playlist?id=864209069,1867
ULTRA SHANGHAI预熱单,http://music.163.com/playlist?id=867441923,1397
十年初音，不负初音,http://music.163.com/playlist?id=867213803,750
内涵段子歌单 长期更新,http://music.163.com/playlist?id=864634661,3845
【书单推荐】人生三不能忍：书荒/歌荒/剧荒,http://music.163.com/playlist?id=876722132,296
2017百大DJ排行,http://music.163.com/playlist?id=866141139,1187
中文说唱◎绝对正经的不正经歌曲,http://music.163.com/playlist?id=868310602,296
怪兽月推 | 8月[新热]电子推送,http://music.163.com/playlist?id=864169661,1859
日系丨Acg女声。「夏有乔木，雅望天堂」,http://music.163.com/playlist?id=866691589,1514
湖南卫视《中餐厅》背景音乐 拒听日韩歌,http://music.163.com/playlist?id=833153208,3904
『华语说唱』 244位内地Rapper • 第三篇,http://music.163.com/playlist?id=874986435,208
【 原曲 翻唱 混音丨降临 重生 再造 〗,http://music.163.com/playlist?id=863577291,2934
Co_Cain,http://music.163.com/playlist?id=832660245,2821
胆小勿点 小心上瘾,http://music.163.com/playlist?id=876486795,771
教父不仅玩球球2,http://music.163.com/playlist?id=830575778,578
「古风」人间四时有好景，春花秋月赏不尽,http://music.163.com/playlist?id=875112855,4156
古风情韵 | 一入古风深似海 从此流行是路人,http://music.163.com/playlist?id=871578158,11561
J.Fla姐姐的惊艳翻唱,http://music.163.com/playlist?id=874983641,4085
和风电音｜优雅而不羁，灵动却不失韵味,http://music.163.com/playlist?id=698821365,184万
民国风｜氤氲木香犹未散 一缕远忆上心头,http://music.163.com/playlist?id=705956847,226万
青石古巷｜可有你的“丁香姑娘”,http://music.163.com/playlist?id=709902538,66万
17diss事件,http://music.163.com/playlist?id=869453867,8629
170422【田柾国】Vapp直播live歌单,http://music.163.com/playlist?id=705316177,11万
〖流行〗ACG，就该是这个感觉,http://music.163.com/playlist?id=699233809,107万
【日系】你与你的七彩玲珑玻璃心,http://music.163.com/playlist?id=695186608,70万
「古风」一句话戳心的剧情歌,http://music.163.com/playlist?id=699652909,24万
『日系翻唱』惊艳双耳的国人翻唱！,http://music.163.com/playlist?id=692659541,292万
【当陈奕迅遇上张国荣】,http://music.163.com/playlist?id=698212174,64万
「古风」美哭过我们的戏腔,http://music.163.com/playlist?id=694864466,144万
【纯音】搞事模式启动的必备Bgm,http://music.163.com/playlist?id=689126064,340万
水果味汽水｜清甜软萌音捕获你的心,http://music.163.com/playlist?id=689121986,128万
日系future bass，比冰激凌还要甜蜜的萌音,http://music.163.com/playlist?id=649100853,122万
手把手教你撩到妹子,http://music.163.com/playlist?id=691369755,383万
「史诗」悲壮震撼|逆境后的重生,http://music.163.com/playlist?id=691521261,68万
林深鹿不见，唯有思念染成春,http://music.163.com/playlist?id=695592862,572万
【日系/燃曲】玩游戏时BGM的重要性,http://music.163.com/playlist?id=652453172,340万
轻电音| 旋律中致郁的心电击,http://music.163.com/playlist?id=643650927,503万
freestyle伴奏,http://music.163.com/playlist?id=646340025,20万
入梦令丨日式女声哼唱 耳语般的安眠小调,http://music.163.com/playlist?id=637870799,323万
听这些歌你是否也在想一个人?,http://music.163.com/playlist?id=646993095,432万
【电音】燃系电子-适合打游戏用的BGM,http://music.163.com/playlist?id=638702748,79万
『日系/ACG』打破次元壁的宅音⊙▽⊙,http://music.163.com/playlist?id=634265582,268万
玩王者荣耀必备歌单 【带上耳机效果最好】,http://music.163.com/playlist?id=633609016,78万
那些歌名奇怪但好听的民谣作品,http://music.163.com/playlist?id=629287734,978万
当优质原曲邂逅神级Remix,http://music.163.com/playlist?id=627599430,420万
爱情故事 | 触动心灵的深情 萦绕耳畔的情歌,http://music.163.com/playlist?id=867645280,12119
你好_竹子 vlog 31 天,http://music.163.com/playlist?id=820497268,12913
《学校2017》出现所有OST&BGM,http://music.163.com/playlist?id=817711592,7789
『小众篇』极致前奏，十秒沉沦,http://music.163.com/playlist?id=809038489,6823
【 老情歌丨用时间里流淌的歌声治相思 〗,http://music.163.com/playlist?id=781278736,7075
【avex 精选】不能错过的日语情歌50首,http://music.163.com/playlist?id=746818250,91万
【清新/纯音】夏雨，终于等到你啦!,http://music.163.com/playlist?id=735346514,228万
【私藏英文歌】戴上耳机静静享受~沦陷了~,http://music.163.com/playlist?id=741298629,13万
华语/那些让你耳朵怀孕的华语女声,http://music.163.com/playlist?id=743900096,224万
『ACG/钢琴』谁的琴音 触动了你的心弦,http://music.163.com/playlist?id=739019529,101万
『西语精选』♬ La Música Española ♬,http://music.163.com/playlist?id=742242188,22万
Tropical House 净澈之道,http://music.163.com/playlist?id=740681814,264万
|夏日| 薄荷味的清凉小调——,http://music.163.com/playlist?id=739767655,174万
『纯音』在这里能沐浴阳光(´▽｀)ノ♪,http://music.163.com/playlist?id=735512368,112万
〖古风男男对唱〗守君到花开 陪君垂暮照,http://music.163.com/playlist?id=743638824,39029
杨丞琳那些好听到爆炸的低调好歌,http://music.163.com/playlist?id=746522503,78万
斗鱼主播原创翻唱歌曲合集,http://music.163.com/playlist?id=745180754,39万
中国摇滚峥嵘岁月：致敬摇滚先驱们,http://music.163.com/playlist?id=742873227,193万
『粤语』港乐男声|暖暖温柔音，首首掠人心,http://music.163.com/playlist?id=745017502,23万
TRAP RAP：令人上瘾的诡谲黑暗节拍,http://music.163.com/playlist?id=738233758,142万
「古风」人间有味是清欢 未妨惆怅是清狂,http://music.163.com/playlist?id=737417187,270万
复古迪斯科：带你梦回80年代激情岁月,http://music.163.com/playlist?id=733822589,109万
『古典』柔软又深切的钢琴声,http://music.163.com/playlist?id=735354308,59万
游戏BGM丨一燃到底 全程高能,http://music.163.com/playlist?id=740349186,98万
午夜躁动丨华丽电音倾潮来袭,http://music.163.com/playlist?id=739467315,279万
感受一段悠然的慢时光,http://music.163.com/playlist?id=746388449,91378
『哭吧』当欧美歌手吟诉着悲蓝故事,http://music.163.com/playlist?id=739710926,67万
『日系』神级bgm成就经典场景③,http://music.163.com/playlist?id=735406561,66万
长命无绝衰[精选古风男女对唱],http://music.163.com/playlist?id=737680046,12万
［韩语］渗透灵魂深处的韩式情歌♪,http://music.163.com/playlist?id=738131371,16万
『上好佳战歌』没有人能在我的BGM里打败我,http://music.163.com/playlist?id=740865272,67177
华语乐坛超难唱的歌曲，就你能Hold住！,http://music.163.com/playlist?id=736058821,595万
声控 | 撩你只用一首歌的时间,http://music.163.com/playlist?id=739342769,528万
拒绝一切认输，从来都不服 | 高考必胜！,http://music.163.com/playlist?id=740143419,100万
纯音乐|青春的年纪，恰巧懂你。,http://music.163.com/playlist?id=736595860,68万
欧美制燥/摇滚老炮们的摇滚人生,http://music.163.com/playlist?id=740929533,50万
〖顶级炸曲〗摇头晃奶抖腿必备之良品（三）,http://music.163.com/playlist?id=737110095,31万
「གཞས་དཔེ་གསར།」藏族流行歌曲,http://music.163.com/playlist?id=738677588,23万
°开车必备༄,http://music.163.com/playlist?id=738020378,75682
橙光游戏《皇后镇》①②BGM,http://music.163.com/playlist?id=729238995,30259
《Baby Driver/极盗车神》OST全收入,http://music.163.com/playlist?id=748310337,10015
一个人的民谣。,http://music.163.com/playlist?id=702430313,11569
政治暗喻,http://music.163.com/playlist?id=645584604,6760
※‖炎热 运动flag‖多重口味冰爽意志Soda,http://music.163.com/playlist?id=889215609,35
《粤语》随机播放，每一首都能动人心弦。,http://music.163.com/playlist?id=887845293,3102
【poisoning】神＆级الموسيقى,http://music.163.com/playlist?id=885779492,114
Tropical House。 百首良曲（不断更新）,http://music.163.com/playlist?id=887459197,60
420专辑weed 【呼出一片天】,http://music.163.com/playlist?id=883679041,3560
【百首粤语女声】 好深情，你感动了吗？,http://music.163.com/playlist?id=893126993,641
黑虎阿福,http://music.163.com/playlist?id=890479072,490
后来，唱给了往事，唱哭了你,http://music.163.com/playlist?id=887342977,574
【轩墨推荐】带节奏的电音音乐,http://music.163.com/playlist?id=888733708,385
【Future Bounce】未来新时代的菠萝味,http://music.163.com/playlist?id=889807924,183
Life In Color 2017 上海 （今晚更新）,http://music.163.com/playlist?id=887127813,143
零度带你飞（素材背景音乐.王者荣耀音乐）,http://music.163.com/playlist?id=886811737,212
|古风|寄君一曲 不问曲终人聚散.,http://music.163.com/playlist?id=877058549,305
中世纪幻想｜吟游诗人与异国风情,http://music.163.com/playlist?id=885134366,863
桂林德智外国语学校 2009-2012起床歌,http://music.163.com/playlist?id=889889712,74
DJ—pon3(马迷福利系列电子乐),http://music.163.com/playlist?id=889649802,53
「ACG」激燃/这波我要反杀,http://music.163.com/playlist?id=882003180,3711
萌系kawaii Bass|可爱的萌萌哒(^з^)-☆,http://music.163.com/playlist?id=879420622,112
【唱作型歌手】那些年，那些人，那些歌,http://music.163.com/playlist?id=878187462,3757
【直播常用】轩墨宝宝QAQ,http://music.163.com/playlist?id=885022890,2262
杠铃杆还没有弯，继续！,http://music.163.com/playlist?id=877098924,155
桃月的自习室,http://music.163.com/playlist?id=868904897,3392
「暴走Only」Dota2 WTF Moments Bgm,http://music.163.com/playlist?id=879186762,1598
日系音乐（和风建筑）,http://music.163.com/playlist?id=881510567,401
EDC•2017 Las Vegas•,http://music.163.com/playlist?id=891336550,64
古风音乐（中式建筑）,http://music.163.com/playlist?id=881489982,826
抒情音乐（生存直播）,http://music.163.com/playlist?id=881498801,1036
欧美音乐（小游戏节奏）,http://music.163.com/playlist?id=881529142,1225
电子音乐（气氛渲染）,http://music.163.com/playlist?id=881527109,834
中国说唱第一厂牌说唱会馆,http://music.163.com/playlist?id=878271814,527
中世纪音乐（西方建筑）,http://music.163.com/playlist?id=881517400,177
「小h歌」夜夜笙歌 污力满满,http://music.163.com/playlist?id=873337683,2430
赌一个女朋友 : 这40首R&B不好听算我输！,http://music.163.com/playlist?id=881727022,393
【日系】人生的失败者：逆境中前行,http://music.163.com/playlist?id=886286691,71
[Post-rock]JAPAN,http://music.163.com/playlist?id=890451970,351
『日系男毒推荐』耳朵会怀孕，直男会弯。④,http://music.163.com/playlist?id=873197048,1157
【可爱】萝莉什么的才不喜欢呢,http://music.163.com/playlist?id=890384665,6428
蝉在叫，人坏掉,http://music.163.com/playlist?id=890137389,3220
【日系/浪漫】我要让你成为世上最幸福的人,http://music.163.com/playlist?id=886104460,691
THO8东方蝉时歌,http://music.163.com/playlist?id=886525475,557
永恒的爱与忧伤(永远消失的幻想乡原声音乐),http://music.163.com/playlist?id=892952648,65
1%的墙的对面,http://music.163.com/playlist?id=881137780,136
ONEREPUBLIC2017上海演唱会,http://music.163.com/playlist?id=888959140,78
Long Long Journey,http://music.163.com/playlist?id=877496766,22
好吧没错我喜欢,http://music.163.com/playlist?id=886737381,74
你的姓氏，我的心事｜偏爱张姓男歌手。,http://music.163.com/playlist?id=874930451,2002
仲夏夜之乐2017Shanghai,http://music.163.com/playlist?id=887266633,725
若你能给我无比怀念的往昔,http://music.163.com/playlist?id=883253577,191
【陆地电影】寒木有枝绕陌上花bgm,http://music.163.com/playlist?id=887727859,196
所爱隔山海 山海不可平,http://music.163.com/playlist?id=890394252,28
电影三生三世十里桃花配乐,http://music.163.com/playlist?id=889682098,80
Baby Driver【极盗车神】配乐及BGM,http://music.163.com/playlist?id=865881712,456
【影视原声｜泰剧OST整理（二）】,http://music.163.com/playlist?id=875492468,548
瑪嘉烈与大衛 前度,http://music.163.com/playlist?id=882137470,254
那些比影视剧还火的主题曲,http://music.163.com/playlist?id=887670513,296
【美剧】非典型孤独 Atypical,http://music.163.com/playlist?id=876838845,1334
暑假补作业BGM（赶快补）,http://music.163.com/playlist?id=885889731,406
EIC的英美剧歌单,http://music.163.com/playlist?id=886194422,155
十万个冷笑话2所有BGM,http://music.163.com/playlist?id=891539924,406
这里是你的助眠歌单,http://music.163.com/playlist?id=873430339,146
童年的回忆像打开的八音盒。,http://music.163.com/playlist?id=831799234,2514
「民谣」愿你出走半生 归来仍是少年,http://music.163.com/playlist?id=883326583,2984
Fairytale,http://music.163.com/playlist?id=887822268,347
【AMSR】晚上十点要睡觉,http://music.163.com/playlist?id=883096131,183
Whale Fall 鯨落,http://music.163.com/playlist?id=870345890,1544
【欧美】黑暗病娇系歌曲,http://music.163.com/playlist?id=880489106,200
纯音 | 你的眼睛这样冷 我的心会结成冰,http://music.163.com/playlist?id=883828365,435
你 搜 不 到 の,http://music.163.com/playlist?id=821588610,3698
The Best of Libera,http://music.163.com/playlist?id=803190366,4
C92东方音乐合集,http://music.163.com/playlist?id=823482990,2060
「日系男嗓」·人分两类 迷人乏味,http://music.163.com/playlist?id=819968635,2657
『华语说唱』 两百位内地Rapper • 第二篇,http://music.163.com/playlist?id=825984236,1447
「剑网叁」念白 剧情,http://music.163.com/playlist?id=814567054,2501
Kazigga非洲音乐酒吧。,http://music.163.com/playlist?id=872878719,1645
假装活在1992 (华语篇),http://music.163.com/playlist?id=881671135,439
「玛嘉烈与大卫」前度,http://music.163.com/playlist?id=822470029,3623
【寰行中国】你眼睛会笑，弯成一条桥,http://music.163.com/playlist?id=872135511,1233
●天下有你乱放的歌唱,http://music.163.com/playlist?id=881755857,670
那些抓破脑袋 也想不起名字的BGM！,http://music.163.com/playlist?id=870963635,1636
【童年记忆】偷偷跑黑网吧的那段时光,http://music.163.com/playlist?id=884060975,397
【KTV】必点曲目(营养跟不上了,http://music.163.com/playlist?id=832115564,1586
【Aki阿杰】戏腔合集,http://music.163.com/playlist?id=875943241,1162
月下对唱，半醉半醒半浮生。,http://music.163.com/playlist?id=871223971,561
吴江锦时书声优剧颜值逆天的歌手们,http://music.163.com/playlist?id=873307012,485
一位故人。也许你曾听过他。,http://music.163.com/playlist?id=875195686,729
高中必修1-5文言文诗歌,http://music.163.com/playlist?id=872910060,540
『聆听，古韵犹存』,http://music.163.com/playlist?id=872721774,1376
古风纯音｜静水流深 沧笙踏歌,http://music.163.com/playlist?id=884723272,292
「高考必背古文」利用旋律更容易背诵哦～,http://music.163.com/playlist?id=878541402,1296
【古风民谣】笔墨半章 悲欢尽尝,http://music.163.com/playlist?id=884267293,3127
四方有神，千古幽梦,http://music.163.com/playlist?id=892897598,1514
Sucked by the sedate,http://music.163.com/playlist?id=871486906,2716
「纯音乐」 想用尽所有温柔陪伴你,http://music.163.com/playlist?id=873322353,2128
Melodic Dubstep 烟云消散 终现曙光,http://music.163.com/playlist?id=872891580,767
触动心弦的电子,http://music.163.com/playlist?id=880688604,2770
奇妙之旅│外太空漂流,http://music.163.com/playlist?id=869579383,1036
[小语种] 荷兰语也可以主流潮,http://music.163.com/playlist?id=873652636,910
五杀乐队——不灭之握,http://music.163.com/playlist?id=820449736,1960
早安世界｜一日之计在于晨 幻音与耳,http://music.163.com/playlist?id=883785431,105
大张伟20170825深圳演唱会歌单,http://music.163.com/playlist?id=878852490,309
『优质中文电音』中文电音的崛起之路,http://music.163.com/playlist?id=875268888,3509
丨王者荣耀丨必备上分五杀20首电音,http://music.163.com/playlist?id=890221584,143
「空灵男嗓」似一场走失的迷梦,http://music.163.com/playlist?id=884534205,164
王南钧说的北欧冷电子,http://music.163.com/playlist?id=813522860,3329
若月贝贝,http://music.163.com/playlist?id=863712421,2111
1987,http://music.163.com/playlist?id=883033967,322
JFJ Productions|林俊杰工作室推荐歌单,http://music.163.com/playlist?id=875108535,406
ranzandniana兄妹跳舞热,http://music.163.com/playlist?id=864785460,2451
情人节专用歌单,http://music.163.com/playlist?id=890857548,35
Audio Mood Ring | Madilyn Bailey,http://music.163.com/playlist?id=870074650,146
"暖心悦耳系列 """,http://music.163.com/playlist?id=887677039,91
AsaButterfield的歌单,http://music.163.com/playlist?id=870998265,935
欧美｜听一句便爱上了,http://music.163.com/playlist?id=890973973,2422
幻奏盛宴丨交响与东方的激情碰撞,http://music.163.com/playlist?id=832853483,964
Krz相关曲目全收录,http://music.163.com/playlist?id=885514517,127
七夕快到了，我们（伪）情侣也有话要说,http://music.163.com/playlist?id=889871070,595
音阙诗听后期混音作品,http://music.163.com/playlist?id=884754958,1141
Post-rock,http://music.163.com/playlist?id=890461773,347
后摇随选,http://music.163.com/playlist?id=890457843,347
【致郁系】淹没在大洋正中的乌鸦,http://music.163.com/playlist?id=892090494,3098
Post-rock 3,http://music.163.com/playlist?id=890472454,334
《胡桃夹子》：甜甜少女心,http://music.163.com/playlist?id=888335626,89
JFJProductions推荐歌曲,http://music.163.com/playlist?id=873892829,123
spotify榜单,http://music.163.com/playlist?id=889950248,204
什么几把鬼名字,http://music.163.com/playlist?id=806372495,1334
想吃烧烤的西瓜瓜,http://music.163.com/playlist?id=832013169,1367
《天下3》七夕必听歌单,http://music.163.com/playlist?id=884877069,267
［TFBOYS］ALIVE FOUR Ⅰ,http://music.163.com/playlist?id=877110053,1162
我在17喝咖啡,http://music.163.com/playlist?id=824268221,1821
❤taetee(四哥四嫂)❤,http://music.163.com/playlist?id=870867650,1204
动画单曲周榜第一期歌单,http://music.163.com/playlist?id=868679169,1787
小白大战凹凸曼,http://music.163.com/playlist?id=883324451,157
每“一”首粤语唱都进你心里,http://music.163.com/playlist?id=878736274,1115
易烊千玺四周年bgm,http://music.163.com/playlist?id=879636338,1577
哲学100问·第2季,http://music.163.com/playlist?id=886682354,71
橙光游戏《擦掉你》BGM合集,http://music.163.com/playlist?id=829019652,3392
ULSUM 不新鲜歌单,http://music.163.com/playlist?id=880055503,1288
『Masters of Hardcore』厂牌歌单2017年,http://music.163.com/playlist?id=881281595,393
英雄联盟登录音乐,http://music.163.com/playlist?id=875588166,1359
StartFitness时尚健身榜单歌曲,http://music.163.com/playlist?id=873383894,233
W&W 2017 TML Belgium 歌单,http://music.163.com/playlist?id=892435433,44
奇幻遨游 [Future Bass Remix],http://music.163.com/playlist?id=880880644,2686
论saika的18种玩法,http://music.163.com/playlist?id=830136267,687
当那些耳熟能详的流行乐经过Remix【慎点】,http://music.163.com/playlist?id=867307883,3669
把歌名分解后会有怎样的效果？②,http://music.163.com/playlist?id=873624249,645
2017风暴电音节广州站热单强推,http://music.163.com/playlist?id=825658977,3698
【前奏沦陷】我们总是踽踽独行,http://music.163.com/playlist?id=887925458,98
《那些被大佬们玩坏了的BGM》第三弹,http://music.163.com/playlist?id=880739204,1010
Progerssive House TOP 25,http://music.163.com/playlist?id=888027947,110
Tropical House。 徐徐微风（清凉）,http://music.163.com/playlist?id=887432646,26
Tropical House。清新电子 (青),http://music.163.com/playlist?id=887454246,19
Tropical House。 夏夜凉风（立）,http://music.163.com/playlist?id=887458197,24
Tropical House。 40°（消暑）,http://music.163.com/playlist?id=887462138,22
[小语种] 丹麦语也可以主流潮,http://music.163.com/playlist?id=879978789,1170
「电音⚡Acoustic」不插电の心弦火花,http://music.163.com/playlist?id=889719174,100
B站混剪BGM,http://music.163.com/playlist?id=889710077,177
〔时空隧道〕穿越于不同时空与空间里,http://music.163.com/playlist?id=889552373,143
听说你也喜欢听La La La之类的歌,http://music.163.com/playlist?id=876864175,2060
Tropical House丨夏日里的一抹清凉风,http://music.163.com/playlist?id=887419463,301
CLUB LE-CHIC 8月推荐,http://music.163.com/playlist?id=892167697,76
TOP 100 EDM DROPS,http://music.163.com/playlist?id=882319645,758
纯音 | 让这些歌陪你安静地坐一会儿。,http://music.163.com/playlist?id=891042749,196
丨网吧包宿丨精选20首循环超嗨电音,http://music.163.com/playlist?id=888826672,1380
去Ultra China前你要复习的大合唱,http://music.163.com/playlist?id=888551943,334
EDM 100正在制作,http://music.163.com/playlist?id=888169873,2006
莉莉酒吧,http://music.163.com/playlist?id=891274875,1645
RubyRose中国巡演上海场歌单,http://music.163.com/playlist?id=889651713,3299
【ACG|萝莉向】超萌元气少女萝莉音(萝莉控),http://music.163.com/playlist?id=826300834,2485
抑郁症慎进！,http://music.163.com/playlist?id=807481679,2686
【日系】現代都市录：掌上戰爭,http://music.163.com/playlist?id=886397265,83
《打上花火》原声＆各种翻版,http://music.163.com/playlist?id=885427651,191
LUNA SEA丨Summer Sonic上海演出预习歌单,http://music.163.com/playlist?id=826504823,2287
听着后摇入睡是再好不过的事了,http://music.163.com/playlist?id=880899677,1846
陈子豪MC背景音乐（极品）,http://music.163.com/playlist?id=871317755,2518
灵魂歌者 • 烟嗓弥漫的灵魂乐,http://music.163.com/playlist?id=887340243,172
【 Trap R&B丨毒性嗓音中遨游 〗,http://music.163.com/playlist?id=885899568,3182
失恋重修手册,http://music.163.com/playlist?id=877363064,628
Tom Odell's Playlist,http://music.163.com/playlist?id=889913394,172
虎牙凯旋,http://music.163.com/playlist?id=877535408,679
大逆转裁判2~那个男人与英格兰司法崩坏,http://music.163.com/playlist?id=875971035,897
九月门店音乐歌单（下午播放推荐）,http://music.163.com/playlist?id=878684858,96
【精选】24首游戏原声带你领略第九艺术,http://music.163.com/playlist?id=875554721,2682
超嗨酒吧舞曲，苏荷，适合打游戏,http://music.163.com/playlist?id=878108506,2119
[最全]MEGALOVANIA的Remix和同人音乐合集,http://music.163.com/playlist?id=877445128,838
橙光游戏《反派我们私奔吧》BGM,http://music.163.com/playlist?id=877224937,3232
不吵不闹不急躁，正是放松的时候。,http://music.163.com/playlist?id=870248592,1388
耳目一新丨唤醒沉睡的耳朵,http://music.163.com/playlist?id=802393375,3140
热单纯音| 当欧美热单邂逅器乐演绎,http://music.163.com/playlist?id=887068793,112
神话之国爱尔兰 人间精灵Anúna,http://music.163.com/playlist?id=865555519,2
『精选五十首安静纯音』愿世界对你温柔相待,http://music.163.com/playlist?id=893161568,96
☞♡||小晴人.橙光.女王养成计划.||♡☜,http://music.163.com/playlist?id=872304939,1699
哈喽，我叫小可爱，你呢？,http://music.163.com/playlist?id=883372477,4030
Rap Beat最骚的伴奏单VOL.03＆Trap,http://music.163.com/playlist?id=825030176,964
Rap Beat最骚的伴奏单VOL.02＆Old school,http://music.163.com/playlist?id=822438065,1594
用什么BGM拍视频最有逼格,http://music.163.com/playlist?id=886795193,65
【华语说唱】曾经的恋人，如今的路人,http://music.163.com/playlist?id=890533231,69
2017【江小白YOLO音乐现场】北京站曲目,http://music.163.com/playlist?id=883486586,137
你的颜文字表情歌单已上线,http://music.163.com/playlist?id=882504639,359
Heygirl 用饶舌对你表白,http://music.163.com/playlist?id=887346494,91
精选中文说唱100首,http://music.163.com/playlist?id=876674212,1162
2017.【YOLO音乐现场】预热北京,http://music.163.com/playlist?id=883246648,1472
韵脚像子弹,http://music.163.com/playlist?id=890295949,146
Vol. 41 「愉 悅 陷 阱」,http://music.163.com/playlist?id=890065936,590
电动买买提的车载,http://music.163.com/playlist?id=892563670,3060
Vol. 40 「Vlog 的 新 美 學」,http://music.163.com/playlist?id=876670762,1510
2017爵士上海音乐节,http://music.163.com/playlist?id=883808439,418
神经病之歌✘【药】,http://music.163.com/playlist?id=892257074,74
李雨推荐歌单,http://music.163.com/playlist?id=871083619,2354
杨清柠是只喵,http://music.163.com/playlist?id=885292679,1607
Miflo concert 20170819,http://music.163.com/playlist?id=888616438,145
ofo小黄车，1块钱包月，不亏,http://music.163.com/playlist?id=893473940,26
这一刻，喝果汁聊音乐,http://music.163.com/playlist?id=813827813,3136
‘张国荣圈子’,http://music.163.com/playlist?id=875485175,1036
全世界最好的瓜瓜,http://music.163.com/playlist?id=887281930,73
Billboard Hot 100 Festival终极歌单,http://music.163.com/playlist?id=880923260,2766
TF家族夏日嘉年华歌单,http://music.163.com/playlist?id=874645144,3131
倒叙年华‖时光漫步之1987～1996,http://music.163.com/playlist?id=876012768,515
珍妮君的英语脚～,http://music.163.com/playlist?id=874267414,246
音乐与想象,http://music.163.com/playlist?id=891036283,62
The Bold Type女子无畏,http://music.163.com/playlist?id=882057655,292
天下足球托蒂特辑--狼图腾背景音乐,http://music.163.com/playlist?id=880377157,2375
为啥会单身，你自己心里就没点数么？,http://music.163.com/playlist?id=892705133,28
Tom Odell's 2017 Aug. Playlist,http://music.163.com/playlist?id=891688781,47
2017 hsylc 北京,http://music.163.com/playlist?id=888290011,1283
黑虎阿福,http://music.163.com/playlist?id=890445090,666
【探索贫道】JOJO的奇妙冒险,http://music.163.com/playlist?id=892959631,1624
--八组酷酷女孩可以靠这个歌单操翻世界--,http://music.163.com/playlist?id=893689405,3812
七夕快到了，单身狗有话要说……,http://music.163.com/playlist?id=886508088,269万
Yellow Claw | Mixtape Music,http://music.163.com/playlist?id=891107327,12万
七夕节快到了，单身狗有话要说。,http://music.163.com/playlist?id=890798213,6517
七夕快到了，情侣们也有话要说...,http://music.163.com/playlist?id=890743201,5874
我跟你玩真的了，非999 评论精品电音,http://music.163.com/playlist?id=893241634,10708
十裡春風 | “醉生夢死的愛恋更清晰”,http://music.163.com/playlist?id=879599624,87799
趁着七夕来表白：一首歌送给你最爱的那个人,http://music.163.com/playlist?id=881117937,163万
『日系KawaiiBass全收录』萌死人不偿命哦☆,http://music.163.com/playlist?id=877221763,39万
赌一包辣条，你的前任听了这些歌会哭成狗,http://music.163.com/playlist?id=863632877,311万
『翻唱篇』阿卡贝拉VS.经典流行,http://music.163.com/playlist?id=886413510,91万
安定劑//,http://music.163.com/playlist?id=889300883,6361
浪花一朵朵 电视剧原声带,http://music.163.com/playlist?id=871594113,8772
七岁的直播歌单,http://music.163.com/playlist?id=824123291,45232
吾与汝,http://music.163.com/playlist?id=830726158,15236
评论过万的ACG音乐与潜力股,http://music.163.com/playlist?id=872489358,4400
2017最值得收藏的欧美女声（持续更新）,http://music.163.com/playlist?id=809310090,9780
【评论区查看活动详情】ONO2017SummerTour,http://music.163.com/playlist?id=819508626,17096
单身狗瑟瑟发抖，无F可说,http://music.163.com/playlist?id=889615967,1443
七夕到了，单身狗有话要说,http://music.163.com/playlist?id=890774788,2237
Lolita｜洛丽塔少女的幻想世界,http://music.163.com/playlist?id=889306490,1674
Mystery:A New Age,http://music.163.com/playlist?id=891648409,1027
英语 Melodious music,http://music.163.com/playlist?id=893951882,0
来自单身狗和秀恩爱PK的围观者,http://music.163.com/playlist?id=892154093,114
七夕快到了，单身狗有话说,http://music.163.com/playlist?id=890725963,532
七夕快到了，对单身狗和小情侣们的一些忠告,http://music.163.com/playlist?id=891089597,343
Loly pop,http://music.163.com/playlist?id=891007094,92
七夕节快到了，单身狗有话要说。。。,http://music.163.com/playlist?id=890750731,1036
70年代必听100首，收藏！,http://music.163.com/playlist?id=888881907,1876
来自单身狗最后的…警告(̿▀̿ ̿Ĺ̯̿̿▀̿ ̿)̄,http://music.163.com/playlist?id=889874081,317
七夕快到了，我要代表单身狗们说一些话,http://music.163.com/playlist?id=891271237,292
七夕要到了，单身狗有话要说……,http://music.163.com/playlist?id=890000416,175
七夕快到了，单身狗有话说..,http://music.163.com/playlist?id=891563392,89
七夕到了，单身狗有话要说,http://music.163.com/playlist?id=891487403,51
有个问题，不知道该不该问...,http://music.163.com/playlist?id=889779625,1094
七中,http://music.163.com/playlist?id=892914307,60
七夕快到了，单身狗有话说,http://music.163.com/playlist?id=890947307,121
考试要求,http://music.163.com/playlist?id=892023314,46
2017周杰伦地表最强演唱会北京站歌单8.25,http://music.163.com/playlist?id=894156712,128
直播必备BGM,http://music.163.com/playlist?id=888926952,121
关于七夕，我也有话要说....,http://music.163.com/playlist?id=893616398,662
适合夏日听的歌,http://music.163.com/playlist?id=874642138,3812
《那些被大佬们玩坏了的BGM》第二弹,http://music.163.com/playlist?id=879163083,2741
songs that have lasted,http://music.163.com/playlist?id=891700118,35
七夕快到了，已婚人士有话要说……,http://music.163.com/playlist?id=889980627,40
终极无敌好听,http://music.163.com/playlist?id=884179997,3656
抖腿不能停,http://music.163.com/playlist?id=883730468,1913
七夕快到了，秀恩爱的都去死,http://music.163.com/playlist?id=891356213,24
零之启的low歌单,http://music.163.com/playlist?id=876056988,628
Pop Danthology和Pop Love全系列,http://music.163.com/playlist?id=887850736,76
动漫音乐（死宅最爱）,http://music.163.com/playlist?id=881532129,1506
[杂食向]空灵的欧美大杂烩,http://music.163.com/playlist?id=885992203,3136
MiFlo CON歌单,http://music.163.com/playlist?id=889400539,208
「纯音乐」原来 静下来 一切都是如此美好,http://music.163.com/playlist?id=885638332,1472
Sad中文,http://music.163.com/playlist?id=877771118,863
“分手”是个什么玩意儿,http://music.163.com/playlist?id=886432980,410
颜值有那么重要吗!!,http://music.163.com/playlist?id=889858365,393
七夕节到了,http://music.163.com/playlist?id=889553863,364
陈奕迅的沧海遗珠,http://music.163.com/playlist?id=818975379,1313
当寂寞染上了伤感的底色。,http://music.163.com/playlist?id=883249179,3014
听不懂的话也没关系，周一来我办公室……,http://music.163.com/playlist?id=877164710,2535
张悬、曹芳、陈绮贞,http://music.163.com/playlist?id=882122421,47
唱一首情歌 | 喜欢你是我做过最好的事,http://music.163.com/playlist?id=889957244,3010
手机铃声总是不停地换。（前奏控）,http://music.163.com/playlist?id=870176044,3039
「中英翻唱」听到前奏是否自信满满？,http://music.163.com/playlist?id=892119752,125
同一首歌丨不同的耳膜冲击,http://music.163.com/playlist?id=783733360,1565
七夕碍着你了？|来自情侣的反击,http://music.163.com/playlist?id=892287844,35
办公室小野BGM,http://music.163.com/playlist?id=885293845,301
[私藏] 稀有极品节奏 Vol.41,http://music.163.com/playlist?id=868656875,2615
让人心醉的轻音乐100首,http://music.163.com/playlist?id=883849464,1078
七都不撩妹,http://music.163.com/playlist?id=880487000,275
J.Fla,http://music.163.com/playlist?id=881584250,2195
「民谣」 还想听你的故事。,http://music.163.com/playlist?id=884029142,2350
当大叔遇上电音,http://music.163.com/playlist?id=877467600,1040
无前奏，人声开场,http://music.163.com/playlist?id=877565471,1435
「纯音/治愈」以音乐为治愈，使生活以安好,http://music.163.com/playlist?id=870365066,1036
『少女心♡』是永不变老的 灵丹妙药,http://music.163.com/playlist?id=893117692,658
九月门店音乐歌单（上午播放推荐）,http://music.163.com/playlist?id=890656175,69
白言运动歌单,http://music.163.com/playlist?id=886735727,532
PSYTRANCE 宇宙梵音,http://music.163.com/playlist?id=889316700,334
一小时听一首歌,http://music.163.com/playlist?id=868079697,3207
书房背景乐,http://music.163.com/playlist?id=876993971,431
『和风荒魂』武士道 · 絶命修罗 其疾如风,http://music.163.com/playlist?id=890317392,85
那些动画中的神BGM的名字，你们都知道吗？,http://music.163.com/playlist?id=876761898,3131
纯音乐|一单有四季 四季不同声,http://music.163.com/playlist?id=879900413,418
【日系纯音乐】学霸做作业必备bgm,http://music.163.com/playlist?id=894053850,3253
贇帆,http://music.163.com/playlist?id=868936839,8323
【成龙历险记】我叫黑虎阿福，你准备受死吧,http://music.163.com/playlist?id=872550967,6206
奇怪君王者荣耀歌单,http://music.163.com/playlist?id=807973243,96901
2017年第二季度分享量最高单曲TOP50,http://music.163.com/playlist?id=810218760,386万
麻神与狗爷 ———,http://music.163.com/playlist?id=875701915,24959
内涵段子最近比较火的音乐,http://music.163.com/playlist?id=786353408,10万
【哥特式元素】死亡美学的精神力量,http://music.163.com/playlist?id=761429478,38万
塔志玲的晚安曲们,http://music.163.com/playlist?id=864433378,13153
『無垠』,http://music.163.com/playlist?id=814742149,11204
纯音乐---歌词有时候是一种障碍,http://music.163.com/playlist?id=785306511,10931
WTF！Diss中国有嘻哈哈哈哈,http://music.163.com/playlist?id=779579210,83536
逗逼,http://music.163.com/playlist?id=821816376,18802
「我很很很喜欢你哦！」,http://music.163.com/playlist?id=759001795,46690
日系/甜到不能自已的少女音\\\,http://music.163.com/playlist?id=727240724,70万
Science Is COOOOL｜科学超酷,http://music.163.com/playlist?id=872348275,53万
某位同事，老大我也有话要说.....,http://music.163.com/playlist?id=869603409,175万
双世宠妃,http://music.163.com/playlist?id=806586556,16万
中餐厅综艺背景音乐合集(持续更新),http://music.163.com/playlist?id=821748530,12212
英,http://music.163.com/playlist?id=821847126,9452
日语前奏控,http://music.163.com/playlist?id=878075443,6113
夜色钢琴曲 原创作品,http://music.163.com/playlist?id=783366033,11334
2017最值得收藏的欧美男声（持续更新）,http://music.163.com/playlist?id=819961018,5576
幻奏盛宴·幻想的交响音乐会 所用专辑曲,http://music.163.com/playlist?id=798215181,6193
花教授的歌单,http://music.163.com/playlist?id=797769086,40973
魔性really want,http://music.163.com/playlist?id=815605738,13447
不得了！这些英文歌的热评信息量好大……,http://music.163.com/playlist?id=645384312,1040万
盘点内涵段子里超好听的BGM，要收藏哦!,http://music.163.com/playlist?id=713819666,38万
Wiwek in the Jungle,http://music.163.com/playlist?id=802698911,11万
無人之岸│擱淺的深海巨鯨,http://music.163.com/playlist?id=821426688,10343
Billboard：Alesso的十首最佳单曲,http://music.163.com/playlist?id=777590873,45732
【抖音】抖音！就要抖抖抖抖起来~,http://music.163.com/playlist?id=817987336,9305
震撼,http://music.163.com/playlist?id=821832592,9696
2017年七月最热新歌TOP50,http://music.163.com/playlist?id=863566981,671万
若用歌来替代心情 这刚好合适...,http://music.163.com/playlist?id=805335486,45602
?,http://music.163.com/playlist?id=881837936,3984
2005年10年KKBOX华语月榜TOP50,http://music.163.com/playlist?id=888603071,139
企鹅花开,http://music.163.com/playlist?id=891965561,38
七夕挨着你了？,http://music.163.com/playlist?id=892488004,26
后,http://music.163.com/playlist?id=890478480,322
F,http://music.163.com/playlist?id=890483195,313
`Young for U` MODEL APEC会场上的歌,http://music.163.com/playlist?id=891969278,20
Post-rock 2,http://music.163.com/playlist?id=890498061,322
七夕碍着我了丨单身狗的自白,http://music.163.com/playlist?id=892695657,19
琴韵星空 第十一期 怀旧轻音乐-蓝色的爱,http://music.163.com/playlist?id=893190040,13
G,http://music.163.com/playlist?id=890492024,309
『靜止』,http://music.163.com/playlist?id=887021091,164
语文书,http://music.163.com/playlist?id=881015244,58
冰镇软萌音｜不能自已的卡哇伊电音,http://music.163.com/playlist?id=873024264,1888
There for You：the Remixes,http://music.163.com/playlist?id=886179809,28
【日】日乐音,http://music.163.com/playlist?id=893211045,29
Frida想和你说晚安(*˘︶˘*),http://music.163.com/playlist?id=890813079,51
【大神666】用过的BGM,http://music.163.com/playlist?id=825722023,3413
中国的那些说唱,http://music.163.com/playlist?id=884207045,123
【欧美乐队】,http://music.163.com/playlist?id=893647798,2
来自单身狗的呐喊,http://music.163.com/playlist?id=890667872,35
『 』我有故事 你有酒吗〽️,http://music.163.com/playlist?id=891384335,110
饶舌带旋律,http://music.163.com/playlist?id=882759844,889
我是黑虎阿福 你准备受死吧,http://music.163.com/playlist?id=870753878,2287
"七夕要到了,单身狗有话要说",http://music.163.com/playlist?id=891307613,33
一张只有单身狗才配点进来的歌单……,http://music.163.com/playlist?id=890357718,47
神代梦华谭OST,http://music.163.com/playlist?id=884197805,233
You are my ghost…I Love Thee,http://music.163.com/playlist?id=872903660,1960
【经典怀旧】QQ飞车BGM,http://music.163.com/playlist?id=893614796,55
就是碍着我了【七夕来自单身狗的反击】,http://music.163.com/playlist?id=892685636,35
for real and all time - live playlist,http://music.163.com/playlist?id=891674773,33
斗鱼韩金珂,http://music.163.com/playlist?id=873193759,1645
Tiffany的每日晚安曲,http://music.163.com/playlist?id=870035071,80
姜丹尼尔练舞BGM,http://music.163.com/playlist?id=885727684,29
欢快的节奏咱就得摇,http://music.163.com/playlist?id=869464323,3686
历年血洗B站的神曲合集,http://music.163.com/playlist?id=869495664,750
【神户D2】Aqours 2nd LoveLive Tour,http://music.163.com/playlist?id=887329374,33
可我浪费著我寒冷的年华,http://music.163.com/playlist?id=887163607,0
『震撼脑髓』开车听怎么感觉自己开了辆坦克,http://music.163.com/playlist?id=893334457,10
2017HSYLCHangZhou,http://music.163.com/playlist?id=890653990,11
《娱乐玩童》歌单,http://music.163.com/playlist?id=893359599,22
後搖与电影对白碰撞典藏‖失無所失 皆是得,http://music.163.com/playlist?id=886331300,76
那些游戏中听过的BGM,http://music.163.com/playlist?id=888453822,123
七夕之歌,http://music.163.com/playlist?id=891974218,8
商连,http://music.163.com/playlist?id=874573503,221
【中国风】 江山如画比不上你送我的风景。,http://music.163.com/playlist?id=873618779,1981
超原版的Remix~~~(不定期更新哒),http://music.163.com/playlist?id=886796316,22
清／空,http://music.163.com/playlist?id=879291458,884
「美到窒息的戏腔」,http://music.163.com/playlist?id=878266900,250
「好甜」听了想恋爱。,http://music.163.com/playlist?id=883303781,35
七夕到了，情侣们也有话要说,http://music.163.com/playlist?id=891923881,4
♨电音1丨大爷大娘进来抖抖腿,http://music.163.com/playlist?id=889990062,29
late night songs,http://music.163.com/playlist?id=888623733,64
才女Julia Michaels创作的歌全收录,http://music.163.com/playlist?id=884555680,109
《Rewrite》的那些故事,http://music.163.com/playlist?id=890350327,24
回忆杀—最“熟悉”最“耳熟”的BGM,http://music.163.com/playlist?id=889489652,24
trmojas,http://music.163.com/playlist?id=893202279,56
喜欢又♬︎*(๑ºั╰︎╯︎ºั๑)♡︎平和,http://music.163.com/playlist?id=894301698,2
十三班共享歌单？,http://music.163.com/playlist?id=893992621,10
闰秒现象的消失,http://music.163.com/playlist?id=892955951,2
演讲电音-是什么让电音也变得那么认真,http://music.163.com/playlist?id=891616004,28
七夕快到了，单身狗有话要说……,http://music.163.com/playlist?id=889805995,85
【欧美精选】【电音环绕】【游戏必备】,http://music.163.com/playlist?id=892088335,46
Xeuphoria的钢琴世界,http://music.163.com/playlist?id=887164429,485
电音。EDM。小清新。开头就让你耳朵怀孕,http://music.163.com/playlist?id=891739580,44
当我们聊到未来,http://music.163.com/playlist?id=893626790,53
叮呤当啷的铃声,http://music.163.com/playlist?id=893482082,44
okey,http://music.163.com/playlist?id=887847772,42
『精选』前奏秒杀吐血系列,http://music.163.com/playlist?id=892082646,38
LOVELIVE！,http://music.163.com/playlist?id=878199767,343
偶像活动第一季,http://music.163.com/playlist?id=891980632,1
单身狗,http://music.163.com/playlist?id=892673059,1
「刀剑乱舞 近侍/同人曲」,http://music.163.com/playlist?id=877073450,628
转笔路上，你从不孤独,http://music.163.com/playlist?id=891936394,37
Pokemon历代正作精品原声,http://music.163.com/playlist?id=889277725,112
日蚀 月缺 花残,http://music.163.com/playlist?id=893149743,37
【吉他】歌单里的吉他,http://music.163.com/playlist?id=880582078,44
「那些听着耳熟却不知道名字的歌」的歌单,http://music.163.com/playlist?id=893268782,35
虎牙、小受的歌单,http://music.163.com/playlist?id=891677674,31
『精选』能听哭超感人的音乐,http://music.163.com/playlist?id=891263560,46
虎牙毒瘤巨胖【持续更新】,http://music.163.com/playlist?id=871818374,246
【神户D1】Aqours 2nd LoveLive Tour,http://music.163.com/playlist?id=886207126,58
别碰,http://music.163.com/playlist?id=865408157,3661
华语RAP | 我用我的嘴，说最走心的话,http://music.163.com/playlist?id=891419792,40
♥️伤心难过怎么办♥️,http://music.163.com/playlist?id=891270808,22
少年有点酷2剧中曲原唱,http://music.163.com/playlist?id=880178721,842
【陆地电影】寒木有枝绕破字令bgm,http://music.163.com/playlist?id=891539914,20
❤️,http://music.163.com/playlist?id=877747045,603
逆火BGM,http://music.163.com/playlist?id=825455371,288
七夕碍着你了？|来自情侣的反击,http://music.163.com/playlist?id=891671755,22
你是我生命里最诚恳的遇见,http://music.163.com/playlist?id=893604258,19
偶像活动第二季,http://music.163.com/playlist?id=892007485,0
Comment 999,http://music.163.com/playlist?id=882262721,931
读者电台背景音乐,http://music.163.com/playlist?id=888165580,29
静,http://music.163.com/playlist?id=866804319,200
冷漠,http://music.163.com/playlist?id=877495239,155
Robin Schulz 2017 TML Belgium 歌单,http://music.163.com/playlist?id=892338041,15
[尼尔/Nier] エミール (埃米尔 / Emil),http://music.163.com/playlist?id=892268495,15
纯音乐-❤你还不来 我怎敢老去❤,http://music.163.com/playlist?id=892215381,15
悸动,http://music.163.com/playlist?id=877532045,130
这个歌单送给你们这些单身狗,http://music.163.com/playlist?id=890655066,4
那鲸有个孤独的故事.那么多种歌.该不寂寞了,http://music.163.com/playlist?id=892714089,13
孤独配美酒 旅人配民谣,http://music.163.com/playlist?id=892032781,13
无毒 循环,http://music.163.com/playlist?id=887089303,22
谜之声[]彻秘境,http://music.163.com/playlist?id=891451729,11
暑假补作业（抄）作业BGM,http://music.163.com/playlist?id=885732036,109
学到昏厥？我们来做操吧！(^o^)／,http://music.163.com/playlist?id=892572211,26
2007到2017最好听的英文歌500首,http://music.163.com/playlist?id=888207826,64
程序猿修炼手册,http://music.163.com/playlist?id=892842531,19
安静,http://music.163.com/playlist?id=890245926,19
七夕节到了.单身狗有话要说,http://music.163.com/playlist?id=890933657,31
ASL2017-THE CARD-Day1,http://music.163.com/playlist?id=893676111,28
顾正文2,http://music.163.com/playlist?id=809211526,4118
燃爆| 耳朵听了会怀孕，请戴好耳机,http://music.163.com/playlist?id=876026235,3413
你们要的社会摇啊,http://music.163.com/playlist?id=891431711,31
小宇喜欢的歌曲,http://music.163.com/playlist?id=878784461,935
评论过万的日语歌一生推,http://music.163.com/playlist?id=881154395,767
潇洒,http://music.163.com/playlist?id=877482735,242
HSYLC 2017,http://music.163.com/playlist?id=891441340,26
就是来放毒的，不归路系列,http://music.163.com/playlist?id=888690253,60
是传说中七夕歌单了,http://music.163.com/playlist?id=892090910,4
公主殿下生日快乐！初音未来十周年回忆录♪,http://music.163.com/playlist?id=892324956,46
最终幻想14国服粉丝节音乐会曲目,http://music.163.com/playlist?id=886951391,116
m1goboogaloo,http://music.163.com/playlist?id=891671291,10
看完《战狼2》，来听听这些热血沸腾的歌曲,http://music.163.com/playlist?id=883083642,662
2017年下半年欧美歌曲精选,http://music.163.com/playlist?id=893749280,42
把你熟悉的歌换一种语言唱给你听,http://music.163.com/playlist?id=886286934,92
miflo,http://music.163.com/playlist?id=886670955,611
★,http://music.163.com/playlist?id=883641803,3304
皮派子—那些年，网易云点赞过万的搞笑评论,http://music.163.com/playlist?id=826887272,3598
「LIVE」ONE REPUBLIC IN 上海 2017［9/27,http://music.163.com/playlist?id=888905049,62
